DATE,NIS5,TX_DESCR_FR,CASES
2020-03-03,51017,Ellezelles,<5
2020-03-04,52011,Charleroi,<5
2020-03-04,52048,Montigny-le-Tilleul,<5
2020-03-04,57097,Comines-Warneton,<5
2020-03-04,58001,La Louvière,<5
2020-03-04,58003,Estinnes,<5
2020-03-05,52011,Charleroi,<5
2020-03-05,52012,Châtelet,<5
2020-03-05,52015,Courcelles,<5
2020-03-05,53053,Mons,<5
2020-03-05,57096,Mouscron,<5
2020-03-05,57097,Comines-Warneton,<5
2020-03-05,58001,La Louvière,<5
2020-03-05,58003,Estinnes,<5
2020-03-06,52015,Courcelles,<5
2020-03-06,57097,Comines-Warneton,<5
2020-03-06,58002,Binche,<5
2020-03-07,58003,Estinnes,<5
2020-03-08,53053,Mons,<5
2020-03-08,57097,Comines-Warneton,<5
2020-03-08,58001,La Louvière,<5
2020-03-09,52011,Charleroi,<5
2020-03-09,52012,Châtelet,<5
2020-03-09,52015,Courcelles,<5
2020-03-09,53053,Mons,<5
2020-03-09,53082,Colfontaine,<5
2020-03-09,58001,La Louvière,<5
2020-03-09,58003,Estinnes,<5
2020-03-10,52011,Charleroi,<5
2020-03-10,52012,Châtelet,<5
2020-03-10,53053,Mons,<5
2020-03-10,53070,Saint-Ghislain,<5
2020-03-10,53082,Colfontaine,<5
2020-03-10,57097,Comines-Warneton,<5
2020-03-11,51008,Beloeil,<5
2020-03-11,53053,Mons,6
2020-03-11,53065,Quaregnon,<5
2020-03-11,53070,Saint-Ghislain,<5
2020-03-11,53084,Quévy,<5
2020-03-11,55040,Soignies,<5
2020-03-11,56078,Thuin,<5
2020-03-11,57096,Mouscron,<5
2020-03-12,25105,Tubize,<5
2020-03-12,51067,Enghien,<5
2020-03-12,52011,Charleroi,<5
2020-03-12,53014,Boussu,<5
2020-03-12,53020,Dour,<5
2020-03-12,53028,Frameries,<5
2020-03-12,53053,Mons,15
2020-03-12,53068,Quiévrain,<5
2020-03-12,53082,Colfontaine,<5
2020-03-12,56044,Lobbes,<5
2020-03-12,57081,Tournai,<5
2020-03-12,57096,Mouscron,<5
2020-03-12,57097,Comines-Warneton,<5
2020-03-13,25105,Tubize,<5
2020-03-13,51009,Bernissart,<5
2020-03-13,52011,Charleroi,7
2020-03-13,52012,Châtelet,<5
2020-03-13,52015,Courcelles,<5
2020-03-13,52021,Fleurus,<5
2020-03-13,52074,Aiseau-Presles,<5
2020-03-13,53014,Boussu,<5
2020-03-13,53020,Dour,<5
2020-03-13,53028,Frameries,<5
2020-03-13,53039,Hensies,<5
2020-03-13,53044,Jurbise,<5
2020-03-13,53053,Mons,16
2020-03-13,53068,Quiévrain,<5
2020-03-13,53084,Quévy,<5
2020-03-13,56078,Thuin,<5
2020-03-13,57064,Péruwelz,<5
2020-03-13,57081,Tournai,<5
2020-03-13,57096,Mouscron,<5
2020-03-13,57097,Comines-Warneton,<5
2020-03-13,58001,La Louvière,<5
2020-03-13,58003,Estinnes,<5
2020-03-14,51008,Beloeil,<5
2020-03-14,51069,Lessines,<5
2020-03-14,52011,Charleroi,<5
2020-03-14,52015,Courcelles,<5
2020-03-14,52022,Fontaine-l’Evêque,<5
2020-03-14,52055,Pont-à-Celles,<5
2020-03-14,53014,Boussu,<5
2020-03-14,53028,Frameries,<5
2020-03-14,53044,Jurbise,<5
2020-03-14,53053,Mons,9
2020-03-14,53065,Quaregnon,<5
2020-03-14,53070,Saint-Ghislain,<5
2020-03-14,53082,Colfontaine,<5
2020-03-14,53084,Quévy,<5
2020-03-14,55040,Soignies,<5
2020-03-14,57072,Rumes,<5
2020-03-14,57081,Tournai,<5
2020-03-14,58001,La Louvière,<5
2020-03-15,51067,Enghien,<5
2020-03-15,52011,Charleroi,5
2020-03-15,53020,Dour,<5
2020-03-15,53028,Frameries,<5
2020-03-15,53046,Lens,<5
2020-03-15,53053,Mons,6
2020-03-15,53065,Quaregnon,<5
2020-03-15,53068,Quiévrain,<5
2020-03-15,53070,Saint-Ghislain,<5
2020-03-15,53082,Colfontaine,<5
2020-03-15,53083,Honnelles,<5
2020-03-15,53084,Quévy,<5
2020-03-15,58001,La Louvière,<5
2020-03-16,25105,Tubize,<5
2020-03-16,52011,Charleroi,<5
2020-03-16,52012,Châtelet,<5
2020-03-16,52022,Fontaine-l’Evêque,<5
2020-03-16,52025,Gerpinnes,<5
2020-03-16,52048,Montigny-le-Tilleul,<5
2020-03-16,52074,Aiseau-Presles,<5
2020-03-16,52075,Les Bons Villers,<5
2020-03-16,53014,Boussu,<5
2020-03-16,53020,Dour,<5
2020-03-16,53028,Frameries,<5
2020-03-16,53053,Mons,14
2020-03-16,53065,Quaregnon,<5
2020-03-16,53070,Saint-Ghislain,<5
2020-03-16,53082,Colfontaine,5
2020-03-16,53083,Honnelles,<5
2020-03-16,53084,Quévy,<5
2020-03-16,55004,Braine-le-Comte,<5
2020-03-16,55035,Le Roeulx,<5
2020-03-16,55040,Soignies,<5
2020-03-16,55050,Ecaussinnes,<5
2020-03-16,57081,Tournai,<5
2020-03-16,57096,Mouscron,<5
2020-03-16,58001,La Louvière,<5
2020-03-16,58004,Morlanwelz,<5
2020-03-17,51014,Chièvres,<5
2020-03-17,51067,Enghien,<5
2020-03-17,52011,Charleroi,<5
2020-03-17,52012,Châtelet,<5
2020-03-17,52015,Courcelles,<5
2020-03-17,52025,Gerpinnes,<5
2020-03-17,52055,Pont-à-Celles,<5
2020-03-17,53014,Boussu,<5
2020-03-17,53020,Dour,<5
2020-03-17,53028,Frameries,<5
2020-03-17,53039,Hensies,<5
2020-03-17,53046,Lens,<5
2020-03-17,53053,Mons,14
2020-03-17,53065,Quaregnon,5
2020-03-17,53082,Colfontaine,<5
2020-03-17,55004,Braine-le-Comte,<5
2020-03-17,55086,Manage,<5
2020-03-17,56086,Ham-sur-Heure-Nalinnes,<5
2020-03-17,57064,Péruwelz,<5
2020-03-17,57081,Tournai,<5
2020-03-17,57096,Mouscron,<5
2020-03-17,57097,Comines-Warneton,<5
2020-03-17,58001,La Louvière,<5
2020-03-18,25105,Tubize,<5
2020-03-18,25107,Villers-la-Ville,<5
2020-03-18,51004,Ath,<5
2020-03-18,51008,Beloeil,<5
2020-03-18,51009,Bernissart,<5
2020-03-18,51069,Lessines,<5
2020-03-18,52010,Chapelle-lez-Herlaimont,<5
2020-03-18,52011,Charleroi,<5
2020-03-18,52055,Pont-à-Celles,<5
2020-03-18,53014,Boussu,<5
2020-03-18,53020,Dour,<5
2020-03-18,53028,Frameries,<5
2020-03-18,53044,Jurbise,<5
2020-03-18,53053,Mons,17
2020-03-18,53065,Quaregnon,<5
2020-03-18,53070,Saint-Ghislain,<5
2020-03-18,53082,Colfontaine,5
2020-03-18,53083,Honnelles,<5
2020-03-18,53084,Quévy,<5
2020-03-18,55004,Braine-le-Comte,<5
2020-03-18,55040,Soignies,<5
2020-03-18,55086,Manage,<5
2020-03-18,56078,Thuin,<5
2020-03-18,57081,Tournai,<5
2020-03-18,57094,Leuze-en-Hainaut,<5
2020-03-18,57096,Mouscron,<5
2020-03-18,57097,Comines-Warneton,<5
2020-03-18,58001,La Louvière,<5
2020-03-18,58004,Morlanwelz,<5
2020-03-19,25105,Tubize,<5
2020-03-19,51004,Ath,<5
2020-03-19,51012,Brugelette,<5
2020-03-19,51068,Silly,<5
2020-03-19,52011,Charleroi,6
2020-03-19,52012,Châtelet,<5
2020-03-19,52015,Courcelles,<5
2020-03-19,52018,Farciennes,<5
2020-03-19,52021,Fleurus,<5
2020-03-19,52022,Fontaine-l’Evêque,<5
2020-03-19,52025,Gerpinnes,<5
2020-03-19,52055,Pont-à-Celles,<5
2020-03-19,52075,Les Bons Villers,<5
2020-03-19,53014,Boussu,<5
2020-03-19,53020,Dour,<5
2020-03-19,53028,Frameries,<5
2020-03-19,53039,Hensies,<5
2020-03-19,53053,Mons,11
2020-03-19,53065,Quaregnon,<5
2020-03-19,53070,Saint-Ghislain,<5
2020-03-19,53082,Colfontaine,<5
2020-03-19,53083,Honnelles,<5
2020-03-19,53084,Quévy,<5
2020-03-19,55035,Le Roeulx,<5
2020-03-19,55040,Soignies,<5
2020-03-19,56001,Anderlues,<5
2020-03-19,56086,Ham-sur-Heure-Nalinnes,<5
2020-03-19,57081,Tournai,<5
2020-03-19,57096,Mouscron,<5
2020-03-19,57097,Comines-Warneton,<5
2020-03-19,58001,La Louvière,<5
2020-03-19,58002,Binche,<5
2020-03-19,58004,Morlanwelz,<5
2020-03-20,25105,Tubize,<5
2020-03-20,51004,Ath,<5
2020-03-20,51008,Beloeil,<5
2020-03-20,52010,Chapelle-lez-Herlaimont,<5
2020-03-20,52011,Charleroi,<5
2020-03-20,52012,Châtelet,<5
2020-03-20,52015,Courcelles,<5
2020-03-20,52021,Fleurus,<5
2020-03-20,52022,Fontaine-l’Evêque,<5
2020-03-20,52025,Gerpinnes,<5
2020-03-20,52055,Pont-à-Celles,<5
2020-03-20,52075,Les Bons Villers,<5
2020-03-20,53014,Boussu,<5
2020-03-20,53020,Dour,<5
2020-03-20,53028,Frameries,<5
2020-03-20,53044,Jurbise,<5
2020-03-20,53053,Mons,15
2020-03-20,53065,Quaregnon,5
2020-03-20,53070,Saint-Ghislain,<5
2020-03-20,53082,Colfontaine,<5
2020-03-20,55035,Le Roeulx,<5
2020-03-20,55040,Soignies,<5
2020-03-20,55050,Ecaussinnes,<5
2020-03-20,55086,Manage,<5
2020-03-20,56022,Erquelinnes,<5
2020-03-20,56044,Lobbes,<5
2020-03-20,56078,Thuin,<5
2020-03-20,57062,Pecq,<5
2020-03-20,57081,Tournai,<5
2020-03-20,57096,Mouscron,<5
2020-03-20,57097,Comines-Warneton,<5
2020-03-20,58001,La Louvière,<5
2020-03-20,58002,Binche,<5
2020-03-20,58003,Estinnes,<5
2020-03-20,58004,Morlanwelz,<5
2020-03-21,25107,Villers-la-Ville,<5
2020-03-21,51004,Ath,<5
2020-03-21,51009,Bernissart,<5
2020-03-21,51012,Brugelette,<5
2020-03-21,51019,Flobecq,<5
2020-03-21,51069,Lessines,<5
2020-03-21,52011,Charleroi,<5
2020-03-21,52021,Fleurus,<5
2020-03-21,52022,Fontaine-l’Evêque,<5
2020-03-21,52025,Gerpinnes,<5
2020-03-21,52048,Montigny-le-Tilleul,<5
2020-03-21,53014,Boussu,<5
2020-03-21,53020,Dour,<5
2020-03-21,53028,Frameries,<5
2020-03-21,53044,Jurbise,<5
2020-03-21,53053,Mons,7
2020-03-21,53065,Quaregnon,<5
2020-03-21,53070,Saint-Ghislain,5
2020-03-21,53082,Colfontaine,<5
2020-03-21,53083,Honnelles,<5
2020-03-21,53084,Quévy,<5
2020-03-21,55040,Soignies,<5
2020-03-21,56001,Anderlues,<5
2020-03-21,56044,Lobbes,<5
2020-03-21,56078,Thuin,<5
2020-03-21,57018,Celles (Tournai),<5
2020-03-21,57064,Péruwelz,<5
2020-03-21,57081,Tournai,<5
2020-03-21,57096,Mouscron,<5
2020-03-21,58001,La Louvière,5
2020-03-22,25105,Tubize,<5
2020-03-22,51004,Ath,<5
2020-03-22,51017,Ellezelles,<5
2020-03-22,51068,Silly,<5
2020-03-22,51069,Lessines,<5
2020-03-22,52011,Charleroi,<5
2020-03-22,52015,Courcelles,<5
2020-03-22,53014,Boussu,<5
2020-03-22,53020,Dour,<5
2020-03-22,53028,Frameries,<5
2020-03-22,53039,Hensies,<5
2020-03-22,53053,Mons,8
2020-03-22,53065,Quaregnon,5
2020-03-22,53082,Colfontaine,<5
2020-03-22,55035,Le Roeulx,<5
2020-03-22,55040,Soignies,<5
2020-03-22,55050,Ecaussinnes,<5
2020-03-22,55085,Seneffe,<5
2020-03-22,55086,Manage,<5
2020-03-22,56016,Chimay,<5
2020-03-22,56022,Erquelinnes,<5
2020-03-22,56044,Lobbes,<5
2020-03-22,56049,Merbes-le-Château,<5
2020-03-22,57064,Péruwelz,<5
2020-03-22,57081,Tournai,<5
2020-03-22,57096,Mouscron,<5
2020-03-22,57097,Comines-Warneton,<5
2020-03-22,58001,La Louvière,7
2020-03-22,58002,Binche,<5
2020-03-22,58004,Morlanwelz,<5
2020-03-23,25105,Tubize,<5
2020-03-23,51004,Ath,<5
2020-03-23,51008,Beloeil,<5
2020-03-23,51012,Brugelette,<5
2020-03-23,51017,Ellezelles,<5
2020-03-23,51019,Flobecq,<5
2020-03-23,51068,Silly,<5
2020-03-23,51069,Lessines,<5
2020-03-23,52011,Charleroi,13
2020-03-23,52012,Châtelet,<5
2020-03-23,52015,Courcelles,<5
2020-03-23,52021,Fleurus,<5
2020-03-23,52055,Pont-à-Celles,<5
2020-03-23,52074,Aiseau-Presles,<5
2020-03-23,52075,Les Bons Villers,<5
2020-03-23,53014,Boussu,7
2020-03-23,53020,Dour,<5
2020-03-23,53028,Frameries,<5
2020-03-23,53039,Hensies,<5
2020-03-23,53046,Lens,<5
2020-03-23,53053,Mons,13
2020-03-23,53065,Quaregnon,<5
2020-03-23,53070,Saint-Ghislain,<5
2020-03-23,53082,Colfontaine,<5
2020-03-23,53083,Honnelles,<5
2020-03-23,53084,Quévy,<5
2020-03-23,55004,Braine-le-Comte,<5
2020-03-23,55040,Soignies,5
2020-03-23,55050,Ecaussinnes,<5
2020-03-23,55086,Manage,<5
2020-03-23,56016,Chimay,<5
2020-03-23,56044,Lobbes,<5
2020-03-23,56051,Momignies,<5
2020-03-23,56078,Thuin,<5
2020-03-23,56088,Sivry-Rance,<5
2020-03-23,57064,Péruwelz,<5
2020-03-23,57072,Rumes,<5
2020-03-23,57081,Tournai,<5
2020-03-23,57094,Leuze-en-Hainaut,<5
2020-03-23,57096,Mouscron,<5
2020-03-23,57097,Comines-Warneton,<5
2020-03-23,58001,La Louvière,8
2020-03-23,58003,Estinnes,<5
2020-03-23,58004,Morlanwelz,<5
2020-03-24,25105,Tubize,5
2020-03-24,25107,Villers-la-Ville,<5
2020-03-24,51004,Ath,<5
2020-03-24,51008,Beloeil,<5
2020-03-24,51009,Bernissart,<5
2020-03-24,51014,Chièvres,<5
2020-03-24,51017,Ellezelles,<5
2020-03-24,51019,Flobecq,<5
2020-03-24,51067,Enghien,<5
2020-03-24,51068,Silly,<5
2020-03-24,51069,Lessines,<5
2020-03-24,52010,Chapelle-lez-Herlaimont,<5
2020-03-24,52011,Charleroi,12
2020-03-24,52012,Châtelet,<5
2020-03-24,52015,Courcelles,<5
2020-03-24,52021,Fleurus,<5
2020-03-24,52022,Fontaine-l’Evêque,<5
2020-03-24,52025,Gerpinnes,<5
2020-03-24,52048,Montigny-le-Tilleul,<5
2020-03-24,52055,Pont-à-Celles,<5
2020-03-24,52075,Les Bons Villers,<5
2020-03-24,53014,Boussu,<5
2020-03-24,53020,Dour,<5
2020-03-24,53028,Frameries,<5
2020-03-24,53039,Hensies,<5
2020-03-24,53053,Mons,24
2020-03-24,53065,Quaregnon,<5
2020-03-24,53068,Quiévrain,<5
2020-03-24,53070,Saint-Ghislain,5
2020-03-24,53082,Colfontaine,<5
2020-03-24,53084,Quévy,<5
2020-03-24,55004,Braine-le-Comte,<5
2020-03-24,55040,Soignies,<5
2020-03-24,55050,Ecaussinnes,<5
2020-03-24,55085,Seneffe,<5
2020-03-24,55086,Manage,<5
2020-03-24,56001,Anderlues,<5
2020-03-24,56005,Beaumont,<5
2020-03-24,56022,Erquelinnes,<5
2020-03-24,56078,Thuin,<5
2020-03-24,57062,Pecq,<5
2020-03-24,57064,Péruwelz,<5
2020-03-24,57081,Tournai,<5
2020-03-24,57096,Mouscron,<5
2020-03-24,57097,Comines-Warneton,<5
2020-03-24,58001,La Louvière,6
2020-03-24,58002,Binche,<5
2020-03-24,58003,Estinnes,<5
2020-03-24,58004,Morlanwelz,<5
2020-03-25,25105,Tubize,<5
2020-03-25,51004,Ath,<5
2020-03-25,51008,Beloeil,<5
2020-03-25,51019,Flobecq,<5
2020-03-25,51065,Frasnes-lez-Anvaing,<5
2020-03-25,51069,Lessines,<5
2020-03-25,52011,Charleroi,8
2020-03-25,52021,Fleurus,<5
2020-03-25,52022,Fontaine-l’Evêque,<5
2020-03-25,52025,Gerpinnes,<5
2020-03-25,52048,Montigny-le-Tilleul,<5
2020-03-25,52055,Pont-à-Celles,<5
2020-03-25,53014,Boussu,<5
2020-03-25,53020,Dour,<5
2020-03-25,53028,Frameries,9
2020-03-25,53039,Hensies,<5
2020-03-25,53046,Lens,<5
2020-03-25,53053,Mons,20
2020-03-25,53065,Quaregnon,<5
2020-03-25,53068,Quiévrain,<5
2020-03-25,53070,Saint-Ghislain,<5
2020-03-25,53082,Colfontaine,<5
2020-03-25,53084,Quévy,<5
2020-03-25,55035,Le Roeulx,<5
2020-03-25,55040,Soignies,5
2020-03-25,55086,Manage,5
2020-03-25,56005,Beaumont,<5
2020-03-25,56022,Erquelinnes,<5
2020-03-25,56029,Froidchapelle,<5
2020-03-25,56049,Merbes-le-Château,<5
2020-03-25,56078,Thuin,<5
2020-03-25,56086,Ham-sur-Heure-Nalinnes,<5
2020-03-25,57027,Estaimpuis,<5
2020-03-25,57081,Tournai,<5
2020-03-25,57094,Leuze-en-Hainaut,<5
2020-03-25,57096,Mouscron,<5
2020-03-25,57097,Comines-Warneton,<5
2020-03-25,58001,La Louvière,9
2020-03-25,58002,Binche,<5
2020-03-25,58003,Estinnes,<5
2020-03-25,58004,Morlanwelz,<5
2020-03-26,25105,Tubize,<5
2020-03-26,51004,Ath,<5
2020-03-26,51008,Beloeil,<5
2020-03-26,51009,Bernissart,<5
2020-03-26,51017,Ellezelles,<5
2020-03-26,51019,Flobecq,<5
2020-03-26,51065,Frasnes-lez-Anvaing,<5
2020-03-26,51067,Enghien,<5
2020-03-26,51069,Lessines,<5
2020-03-26,52010,Chapelle-lez-Herlaimont,<5
2020-03-26,52011,Charleroi,8
2020-03-26,52012,Châtelet,<5
2020-03-26,52021,Fleurus,<5
2020-03-26,52022,Fontaine-l’Evêque,<5
2020-03-26,52025,Gerpinnes,<5
2020-03-26,52074,Aiseau-Presles,<5
2020-03-26,52075,Les Bons Villers,<5
2020-03-26,53014,Boussu,<5
2020-03-26,53020,Dour,<5
2020-03-26,53028,Frameries,<5
2020-03-26,53039,Hensies,<5
2020-03-26,53044,Jurbise,<5
2020-03-26,53046,Lens,<5
2020-03-26,53053,Mons,18
2020-03-26,53065,Quaregnon,<5
2020-03-26,53070,Saint-Ghislain,<5
2020-03-26,53082,Colfontaine,5
2020-03-26,53083,Honnelles,<5
2020-03-26,55035,Le Roeulx,<5
2020-03-26,55040,Soignies,<5
2020-03-26,55086,Manage,<5
2020-03-26,56005,Beaumont,<5
2020-03-26,56016,Chimay,<5
2020-03-26,56022,Erquelinnes,<5
2020-03-26,56044,Lobbes,<5
2020-03-26,56078,Thuin,<5
2020-03-26,57062,Pecq,<5
2020-03-26,57081,Tournai,<5
2020-03-26,57094,Leuze-en-Hainaut,<5
2020-03-26,57096,Mouscron,<5
2020-03-26,57097,Comines-Warneton,<5
2020-03-26,58001,La Louvière,<5
2020-03-26,58002,Binche,<5
2020-03-26,58003,Estinnes,<5
2020-03-27,25105,Tubize,<5
2020-03-27,25107,Villers-la-Ville,<5
2020-03-27,51004,Ath,<5
2020-03-27,51012,Brugelette,<5
2020-03-27,51017,Ellezelles,<5
2020-03-27,51065,Frasnes-lez-Anvaing,<5
2020-03-27,51067,Enghien,<5
2020-03-27,51069,Lessines,<5
2020-03-27,52011,Charleroi,15
2020-03-27,52012,Châtelet,<5
2020-03-27,52015,Courcelles,<5
2020-03-27,52018,Farciennes,<5
2020-03-27,52022,Fontaine-l’Evêque,<5
2020-03-27,52055,Pont-à-Celles,<5
2020-03-27,52075,Les Bons Villers,<5
2020-03-27,53014,Boussu,7
2020-03-27,53020,Dour,9
2020-03-27,53028,Frameries,<5
2020-03-27,53039,Hensies,<5
2020-03-27,53044,Jurbise,<5
2020-03-27,53053,Mons,16
2020-03-27,53065,Quaregnon,<5
2020-03-27,53068,Quiévrain,<5
2020-03-27,53070,Saint-Ghislain,<5
2020-03-27,53082,Colfontaine,<5
2020-03-27,53084,Quévy,<5
2020-03-27,55004,Braine-le-Comte,<5
2020-03-27,55035,Le Roeulx,<5
2020-03-27,55040,Soignies,<5
2020-03-27,55085,Seneffe,<5
2020-03-27,55086,Manage,<5
2020-03-27,56001,Anderlues,<5
2020-03-27,56005,Beaumont,<5
2020-03-27,56016,Chimay,<5
2020-03-27,56044,Lobbes,<5
2020-03-27,56049,Merbes-le-Château,<5
2020-03-27,56051,Momignies,<5
2020-03-27,57018,Celles (Tournai),<5
2020-03-27,57027,Estaimpuis,<5
2020-03-27,57064,Péruwelz,<5
2020-03-27,57072,Rumes,<5
2020-03-27,57081,Tournai,7
2020-03-27,57094,Leuze-en-Hainaut,<5
2020-03-27,57096,Mouscron,<5
2020-03-27,57097,Comines-Warneton,<5
2020-03-27,58001,La Louvière,8
2020-03-27,58002,Binche,8
2020-03-27,58003,Estinnes,<5
2020-03-27,58004,Morlanwelz,<5
2020-03-28,25105,Tubize,<5
2020-03-28,51004,Ath,<5
2020-03-28,51012,Brugelette,<5
2020-03-28,51019,Flobecq,<5
2020-03-28,51065,Frasnes-lez-Anvaing,<5
2020-03-28,51067,Enghien,<5
2020-03-28,52010,Chapelle-lez-Herlaimont,<5
2020-03-28,52011,Charleroi,6
2020-03-28,52015,Courcelles,5
2020-03-28,52018,Farciennes,<5
2020-03-28,52021,Fleurus,<5
2020-03-28,52022,Fontaine-l’Evêque,<5
2020-03-28,52048,Montigny-le-Tilleul,<5
2020-03-28,52055,Pont-à-Celles,<5
2020-03-28,53014,Boussu,<5
2020-03-28,53020,Dour,<5
2020-03-28,53028,Frameries,5
2020-03-28,53039,Hensies,<5
2020-03-28,53044,Jurbise,<5
2020-03-28,53053,Mons,14
2020-03-28,53065,Quaregnon,<5
2020-03-28,53068,Quiévrain,<5
2020-03-28,53070,Saint-Ghislain,<5
2020-03-28,53082,Colfontaine,<5
2020-03-28,53083,Honnelles,<5
2020-03-28,53084,Quévy,<5
2020-03-28,55004,Braine-le-Comte,<5
2020-03-28,55035,Le Roeulx,<5
2020-03-28,55040,Soignies,<5
2020-03-28,55086,Manage,<5
2020-03-28,56049,Merbes-le-Château,<5
2020-03-28,57081,Tournai,5
2020-03-28,57094,Leuze-en-Hainaut,<5
2020-03-28,57096,Mouscron,<5
2020-03-28,57097,Comines-Warneton,<5
2020-03-28,58001,La Louvière,5
2020-03-28,58002,Binche,<5
2020-03-28,58003,Estinnes,<5
2020-03-28,58004,Morlanwelz,<5
2020-03-29,25105,Tubize,<5
2020-03-29,51004,Ath,<5
2020-03-29,51008,Beloeil,<5
2020-03-29,51009,Bernissart,<5
2020-03-29,51012,Brugelette,<5
2020-03-29,51019,Flobecq,<5
2020-03-29,51067,Enghien,<5
2020-03-29,51068,Silly,<5
2020-03-29,51069,Lessines,<5
2020-03-29,52010,Chapelle-lez-Herlaimont,<5
2020-03-29,52011,Charleroi,5
2020-03-29,52015,Courcelles,<5
2020-03-29,52021,Fleurus,<5
2020-03-29,52022,Fontaine-l’Evêque,<5
2020-03-29,52048,Montigny-le-Tilleul,<5
2020-03-29,52055,Pont-à-Celles,<5
2020-03-29,52075,Les Bons Villers,<5
2020-03-29,53014,Boussu,5
2020-03-29,53020,Dour,6
2020-03-29,53028,Frameries,<5
2020-03-29,53046,Lens,<5
2020-03-29,53053,Mons,14
2020-03-29,53065,Quaregnon,5
2020-03-29,53068,Quiévrain,<5
2020-03-29,53070,Saint-Ghislain,7
2020-03-29,53082,Colfontaine,<5
2020-03-29,53084,Quévy,<5
2020-03-29,55035,Le Roeulx,<5
2020-03-29,55040,Soignies,<5
2020-03-29,55050,Ecaussinnes,<5
2020-03-29,55085,Seneffe,<5
2020-03-29,55086,Manage,<5
2020-03-29,56016,Chimay,<5
2020-03-29,56078,Thuin,<5
2020-03-29,57081,Tournai,<5
2020-03-29,57096,Mouscron,<5
2020-03-29,58001,La Louvière,10
2020-03-29,58002,Binche,<5
2020-03-29,58003,Estinnes,<5
2020-03-29,58004,Morlanwelz,<5
2020-03-30,25105,Tubize,<5
2020-03-30,51004,Ath,<5
2020-03-30,51009,Bernissart,<5
2020-03-30,51014,Chièvres,<5
2020-03-30,51019,Flobecq,<5
2020-03-30,51065,Frasnes-lez-Anvaing,<5
2020-03-30,51067,Enghien,<5
2020-03-30,51069,Lessines,<5
2020-03-30,52010,Chapelle-lez-Herlaimont,<5
2020-03-30,52011,Charleroi,9
2020-03-30,52012,Châtelet,<5
2020-03-30,52021,Fleurus,<5
2020-03-30,52022,Fontaine-l’Evêque,<5
2020-03-30,52025,Gerpinnes,<5
2020-03-30,52048,Montigny-le-Tilleul,<5
2020-03-30,52055,Pont-à-Celles,<5
2020-03-30,52074,Aiseau-Presles,<5
2020-03-30,53014,Boussu,<5
2020-03-30,53028,Frameries,8
2020-03-30,53039,Hensies,<5
2020-03-30,53046,Lens,<5
2020-03-30,53053,Mons,18
2020-03-30,53065,Quaregnon,<5
2020-03-30,53068,Quiévrain,<5
2020-03-30,53070,Saint-Ghislain,10
2020-03-30,53082,Colfontaine,<5
2020-03-30,53083,Honnelles,<5
2020-03-30,53084,Quévy,5
2020-03-30,55004,Braine-le-Comte,<5
2020-03-30,55040,Soignies,6
2020-03-30,55050,Ecaussinnes,<5
2020-03-30,55085,Seneffe,<5
2020-03-30,55086,Manage,<5
2020-03-30,56001,Anderlues,<5
2020-03-30,56044,Lobbes,<5
2020-03-30,56086,Ham-sur-Heure-Nalinnes,<5
2020-03-30,57003,Antoing,<5
2020-03-30,57018,Celles (Tournai),<5
2020-03-30,57064,Péruwelz,<5
2020-03-30,57081,Tournai,9
2020-03-30,57094,Leuze-en-Hainaut,<5
2020-03-30,57095,Mont-de-l’Enclus,<5
2020-03-30,57096,Mouscron,8
2020-03-30,57097,Comines-Warneton,7
2020-03-30,58001,La Louvière,13
2020-03-30,58004,Morlanwelz,<5
2020-03-31,25105,Tubize,<5
2020-03-31,51004,Ath,5
2020-03-31,51008,Beloeil,<5
2020-03-31,51009,Bernissart,<5
2020-03-31,51014,Chièvres,<5
2020-03-31,51065,Frasnes-lez-Anvaing,<5
2020-03-31,51067,Enghien,<5
2020-03-31,51069,Lessines,<5
2020-03-31,52010,Chapelle-lez-Herlaimont,<5
2020-03-31,52011,Charleroi,16
2020-03-31,52012,Châtelet,<5
2020-03-31,52015,Courcelles,<5
2020-03-31,52018,Farciennes,<5
2020-03-31,52021,Fleurus,<5
2020-03-31,52022,Fontaine-l’Evêque,<5
2020-03-31,52025,Gerpinnes,<5
2020-03-31,52075,Les Bons Villers,<5
2020-03-31,53014,Boussu,7
2020-03-31,53020,Dour,5
2020-03-31,53028,Frameries,<5
2020-03-31,53039,Hensies,<5
2020-03-31,53044,Jurbise,<5
2020-03-31,53053,Mons,99
2020-03-31,53065,Quaregnon,<5
2020-03-31,53068,Quiévrain,<5
2020-03-31,53070,Saint-Ghislain,5
2020-03-31,53082,Colfontaine,6
2020-03-31,53083,Honnelles,<5
2020-03-31,53084,Quévy,<5
2020-03-31,55004,Braine-le-Comte,<5
2020-03-31,55035,Le Roeulx,<5
2020-03-31,55040,Soignies,<5
2020-03-31,55050,Ecaussinnes,<5
2020-03-31,55085,Seneffe,<5
2020-03-31,56022,Erquelinnes,<5
2020-03-31,56078,Thuin,<5
2020-03-31,56086,Ham-sur-Heure-Nalinnes,<5
2020-03-31,56088,Sivry-Rance,<5
2020-03-31,57064,Péruwelz,<5
2020-03-31,57081,Tournai,5
2020-03-31,57093,Brunehaut,<5
2020-03-31,57095,Mont-de-l’Enclus,<5
2020-03-31,57097,Comines-Warneton,<5
2020-03-31,58001,La Louvière,11
2020-03-31,58002,Binche,6
2020-03-31,58003,Estinnes,<5
2020-04-01,25105,Tubize,<5
2020-04-01,51004,Ath,<5
2020-04-01,51008,Beloeil,<5
2020-04-01,51009,Bernissart,<5
2020-04-01,51012,Brugelette,<5
2020-04-01,51017,Ellezelles,<5
2020-04-01,51019,Flobecq,<5
2020-04-01,51065,Frasnes-lez-Anvaing,<5
2020-04-01,51067,Enghien,<5
2020-04-01,51068,Silly,<5
2020-04-01,52011,Charleroi,10
2020-04-01,52012,Châtelet,<5
2020-04-01,52015,Courcelles,<5
2020-04-01,52021,Fleurus,<5
2020-04-01,52025,Gerpinnes,<5
2020-04-01,53014,Boussu,<5
2020-04-01,53020,Dour,<5
2020-04-01,53028,Frameries,<5
2020-04-01,53039,Hensies,<5
2020-04-01,53044,Jurbise,<5
2020-04-01,53053,Mons,8
2020-04-01,53065,Quaregnon,<5
2020-04-01,53068,Quiévrain,<5
2020-04-01,53070,Saint-Ghislain,5
2020-04-01,53082,Colfontaine,5
2020-04-01,53083,Honnelles,<5
2020-04-01,53084,Quévy,<5
2020-04-01,55004,Braine-le-Comte,<5
2020-04-01,55040,Soignies,10
2020-04-01,55050,Ecaussinnes,<5
2020-04-01,55086,Manage,<5
2020-04-01,56001,Anderlues,<5
2020-04-01,56016,Chimay,<5
2020-04-01,56022,Erquelinnes,<5
2020-04-01,56044,Lobbes,<5
2020-04-01,56049,Merbes-le-Château,<5
2020-04-01,56078,Thuin,<5
2020-04-01,56086,Ham-sur-Heure-Nalinnes,<5
2020-04-01,56088,Sivry-Rance,<5
2020-04-01,57027,Estaimpuis,<5
2020-04-01,57064,Péruwelz,<5
2020-04-01,57072,Rumes,<5
2020-04-01,57081,Tournai,11
2020-04-01,57096,Mouscron,6
2020-04-01,57097,Comines-Warneton,5
2020-04-01,58001,La Louvière,<5
2020-04-01,58002,Binche,<5
2020-04-01,58003,Estinnes,<5
2020-04-01,58004,Morlanwelz,<5
2020-04-02,25105,Tubize,<5
2020-04-02,51004,Ath,6
2020-04-02,51008,Beloeil,<5
2020-04-02,51009,Bernissart,<5
2020-04-02,51014,Chièvres,<5
2020-04-02,51065,Frasnes-lez-Anvaing,<5
2020-04-02,51067,Enghien,<5
2020-04-02,52010,Chapelle-lez-Herlaimont,<5
2020-04-02,52011,Charleroi,10
2020-04-02,52012,Châtelet,<5
2020-04-02,52015,Courcelles,<5
2020-04-02,52022,Fontaine-l’Evêque,<5
2020-04-02,52025,Gerpinnes,<5
2020-04-02,52048,Montigny-le-Tilleul,<5
2020-04-02,52055,Pont-à-Celles,<5
2020-04-02,52074,Aiseau-Presles,<5
2020-04-02,52075,Les Bons Villers,<5
2020-04-02,53014,Boussu,<5
2020-04-02,53020,Dour,5
2020-04-02,53028,Frameries,<5
2020-04-02,53044,Jurbise,<5
2020-04-02,53053,Mons,13
2020-04-02,53065,Quaregnon,<5
2020-04-02,53070,Saint-Ghislain,<5
2020-04-02,53082,Colfontaine,<5
2020-04-02,53084,Quévy,<5
2020-04-02,55004,Braine-le-Comte,<5
2020-04-02,55035,Le Roeulx,<5
2020-04-02,55040,Soignies,<5
2020-04-02,55050,Ecaussinnes,<5
2020-04-02,55085,Seneffe,<5
2020-04-02,56016,Chimay,<5
2020-04-02,56022,Erquelinnes,<5
2020-04-02,56049,Merbes-le-Château,<5
2020-04-02,56086,Ham-sur-Heure-Nalinnes,<5
2020-04-02,57003,Antoing,<5
2020-04-02,57064,Péruwelz,<5
2020-04-02,57081,Tournai,7
2020-04-02,57096,Mouscron,<5
2020-04-02,57097,Comines-Warneton,<5
2020-04-02,58001,La Louvière,6
2020-04-02,58002,Binche,<5
2020-04-02,58004,Morlanwelz,<5
2020-04-03,25105,Tubize,<5
2020-04-03,25107,Villers-la-Ville,<5
2020-04-03,51004,Ath,<5
2020-04-03,51008,Beloeil,<5
2020-04-03,51009,Bernissart,<5
2020-04-03,51019,Flobecq,<5
2020-04-03,51065,Frasnes-lez-Anvaing,<5
2020-04-03,51069,Lessines,<5
2020-04-03,52010,Chapelle-lez-Herlaimont,<5
2020-04-03,52011,Charleroi,23
2020-04-03,52012,Châtelet,<5
2020-04-03,52015,Courcelles,<5
2020-04-03,52021,Fleurus,<5
2020-04-03,52025,Gerpinnes,<5
2020-04-03,52055,Pont-à-Celles,<5
2020-04-03,52074,Aiseau-Presles,<5
2020-04-03,52075,Les Bons Villers,<5
2020-04-03,53014,Boussu,<5
2020-04-03,53020,Dour,6
2020-04-03,53028,Frameries,<5
2020-04-03,53039,Hensies,<5
2020-04-03,53044,Jurbise,<5
2020-04-03,53046,Lens,<5
2020-04-03,53053,Mons,19
2020-04-03,53065,Quaregnon,<5
2020-04-03,53070,Saint-Ghislain,<5
2020-04-03,53082,Colfontaine,<5
2020-04-03,55004,Braine-le-Comte,<5
2020-04-03,55035,Le Roeulx,6
2020-04-03,55040,Soignies,5
2020-04-03,55050,Ecaussinnes,<5
2020-04-03,55085,Seneffe,<5
2020-04-03,55086,Manage,5
2020-04-03,56001,Anderlues,<5
2020-04-03,56005,Beaumont,<5
2020-04-03,56016,Chimay,<5
2020-04-03,56022,Erquelinnes,<5
2020-04-03,56044,Lobbes,<5
2020-04-03,56086,Ham-sur-Heure-Nalinnes,<5
2020-04-03,57027,Estaimpuis,<5
2020-04-03,57062,Pecq,<5
2020-04-03,57081,Tournai,10
2020-04-03,57093,Brunehaut,<5
2020-04-03,57094,Leuze-en-Hainaut,<5
2020-04-03,57096,Mouscron,<5
2020-04-03,58001,La Louvière,40
2020-04-03,58002,Binche,<5
2020-04-03,58003,Estinnes,<5
2020-04-03,58004,Morlanwelz,<5
2020-04-04,25107,Villers-la-Ville,<5
2020-04-04,51004,Ath,<5
2020-04-04,51009,Bernissart,<5
2020-04-04,51012,Brugelette,<5
2020-04-04,51019,Flobecq,<5
2020-04-04,51067,Enghien,<5
2020-04-04,51069,Lessines,<5
2020-04-04,52011,Charleroi,14
2020-04-04,52012,Châtelet,<5
2020-04-04,52018,Farciennes,<5
2020-04-04,52021,Fleurus,<5
2020-04-04,52022,Fontaine-l’Evêque,<5
2020-04-04,52048,Montigny-le-Tilleul,<5
2020-04-04,52055,Pont-à-Celles,<5
2020-04-04,53014,Boussu,<5
2020-04-04,53020,Dour,<5
2020-04-04,53028,Frameries,<5
2020-04-04,53053,Mons,<5
2020-04-04,53070,Saint-Ghislain,<5
2020-04-04,53082,Colfontaine,<5
2020-04-04,53084,Quévy,<5
2020-04-04,55004,Braine-le-Comte,<5
2020-04-04,55035,Le Roeulx,<5
2020-04-04,55040,Soignies,<5
2020-04-04,55050,Ecaussinnes,<5
2020-04-04,55086,Manage,<5
2020-04-04,56016,Chimay,<5
2020-04-04,56044,Lobbes,<5
2020-04-04,56078,Thuin,<5
2020-04-04,56086,Ham-sur-Heure-Nalinnes,<5
2020-04-04,57027,Estaimpuis,<5
2020-04-04,57064,Péruwelz,<5
2020-04-04,57081,Tournai,<5
2020-04-04,57094,Leuze-en-Hainaut,<5
2020-04-04,57095,Mont-de-l’Enclus,<5
2020-04-04,57096,Mouscron,<5
2020-04-04,57097,Comines-Warneton,<5
2020-04-04,58001,La Louvière,<5
2020-04-04,58002,Binche,<5
2020-04-04,58003,Estinnes,<5
2020-04-04,58004,Morlanwelz,<5
2020-04-05,25105,Tubize,<5
2020-04-05,25107,Villers-la-Ville,<5
2020-04-05,51004,Ath,<5
2020-04-05,51008,Beloeil,<5
2020-04-05,51019,Flobecq,<5
2020-04-05,51067,Enghien,<5
2020-04-05,51068,Silly,<5
2020-04-05,52010,Chapelle-lez-Herlaimont,<5
2020-04-05,52011,Charleroi,11
2020-04-05,52012,Châtelet,<5
2020-04-05,52018,Farciennes,<5
2020-04-05,52021,Fleurus,<5
2020-04-05,52025,Gerpinnes,<5
2020-04-05,52075,Les Bons Villers,<5
2020-04-05,53014,Boussu,<5
2020-04-05,53020,Dour,<5
2020-04-05,53028,Frameries,<5
2020-04-05,53053,Mons,<5
2020-04-05,53065,Quaregnon,<5
2020-04-05,53070,Saint-Ghislain,5
2020-04-05,53082,Colfontaine,<5
2020-04-05,53084,Quévy,<5
2020-04-05,55004,Braine-le-Comte,<5
2020-04-05,55035,Le Roeulx,<5
2020-04-05,55040,Soignies,<5
2020-04-05,55050,Ecaussinnes,<5
2020-04-05,56016,Chimay,<5
2020-04-05,56044,Lobbes,<5
2020-04-05,56049,Merbes-le-Château,<5
2020-04-05,56078,Thuin,<5
2020-04-05,56086,Ham-sur-Heure-Nalinnes,<5
2020-04-05,57003,Antoing,<5
2020-04-05,57018,Celles (Tournai),<5
2020-04-05,57072,Rumes,<5
2020-04-05,57081,Tournai,<5
2020-04-05,57096,Mouscron,<5
2020-04-05,57097,Comines-Warneton,<5
2020-04-05,58001,La Louvière,8
2020-04-05,58002,Binche,<5
2020-04-05,58004,Morlanwelz,<5
2020-04-06,25105,Tubize,6
2020-04-06,25107,Villers-la-Ville,<5
2020-04-06,51004,Ath,5
2020-04-06,51008,Beloeil,<5
2020-04-06,51014,Chièvres,<5
2020-04-06,51019,Flobecq,<5
2020-04-06,51065,Frasnes-lez-Anvaing,<5
2020-04-06,51068,Silly,5
2020-04-06,52010,Chapelle-lez-Herlaimont,<5
2020-04-06,52011,Charleroi,29
2020-04-06,52012,Châtelet,5
2020-04-06,52015,Courcelles,<5
2020-04-06,52021,Fleurus,<5
2020-04-06,52022,Fontaine-l’Evêque,<5
2020-04-06,52025,Gerpinnes,<5
2020-04-06,52048,Montigny-le-Tilleul,<5
2020-04-06,52055,Pont-à-Celles,<5
2020-04-06,52074,Aiseau-Presles,<5
2020-04-06,52075,Les Bons Villers,<5
2020-04-06,53014,Boussu,<5
2020-04-06,53020,Dour,<5
2020-04-06,53028,Frameries,<5
2020-04-06,53039,Hensies,<5
2020-04-06,53044,Jurbise,<5
2020-04-06,53053,Mons,8
2020-04-06,53068,Quiévrain,<5
2020-04-06,53070,Saint-Ghislain,<5
2020-04-06,53082,Colfontaine,<5
2020-04-06,55004,Braine-le-Comte,<5
2020-04-06,55035,Le Roeulx,5
2020-04-06,55040,Soignies,8
2020-04-06,55050,Ecaussinnes,<5
2020-04-06,55085,Seneffe,<5
2020-04-06,55086,Manage,<5
2020-04-06,56001,Anderlues,<5
2020-04-06,56005,Beaumont,<5
2020-04-06,56086,Ham-sur-Heure-Nalinnes,<5
2020-04-06,56088,Sivry-Rance,<5
2020-04-06,57027,Estaimpuis,<5
2020-04-06,57064,Péruwelz,<5
2020-04-06,57081,Tournai,8
2020-04-06,57093,Brunehaut,<5
2020-04-06,57096,Mouscron,5
2020-04-06,57097,Comines-Warneton,<5
2020-04-06,58001,La Louvière,66
2020-04-06,58002,Binche,9
2020-04-06,58004,Morlanwelz,<5
2020-04-07,25105,Tubize,<5
2020-04-07,25107,Villers-la-Ville,<5
2020-04-07,51008,Beloeil,<5
2020-04-07,51009,Bernissart,<5
2020-04-07,51012,Brugelette,<5
2020-04-07,51019,Flobecq,<5
2020-04-07,51065,Frasnes-lez-Anvaing,<5
2020-04-07,51067,Enghien,<5
2020-04-07,52010,Chapelle-lez-Herlaimont,<5
2020-04-07,52011,Charleroi,19
2020-04-07,52012,Châtelet,<5
2020-04-07,52015,Courcelles,<5
2020-04-07,52018,Farciennes,<5
2020-04-07,52021,Fleurus,5
2020-04-07,52025,Gerpinnes,<5
2020-04-07,52055,Pont-à-Celles,<5
2020-04-07,52075,Les Bons Villers,<5
2020-04-07,53014,Boussu,<5
2020-04-07,53020,Dour,6
2020-04-07,53028,Frameries,<5
2020-04-07,53044,Jurbise,<5
2020-04-07,53053,Mons,20
2020-04-07,53065,Quaregnon,<5
2020-04-07,53070,Saint-Ghislain,<5
2020-04-07,53082,Colfontaine,<5
2020-04-07,53084,Quévy,<5
2020-04-07,55004,Braine-le-Comte,<5
2020-04-07,55035,Le Roeulx,<5
2020-04-07,55040,Soignies,8
2020-04-07,55050,Ecaussinnes,<5
2020-04-07,55085,Seneffe,<5
2020-04-07,55086,Manage,<5
2020-04-07,56001,Anderlues,<5
2020-04-07,56078,Thuin,<5
2020-04-07,56086,Ham-sur-Heure-Nalinnes,<5
2020-04-07,57064,Péruwelz,<5
2020-04-07,57081,Tournai,<5
2020-04-07,57095,Mont-de-l’Enclus,<5
2020-04-07,57096,Mouscron,8
2020-04-07,58001,La Louvière,14
2020-04-07,58002,Binche,10
2020-04-07,58003,Estinnes,<5
2020-04-08,25107,Villers-la-Ville,<5
2020-04-08,51008,Beloeil,<5
2020-04-08,51014,Chièvres,<5
2020-04-08,51069,Lessines,<5
2020-04-08,52010,Chapelle-lez-Herlaimont,<5
2020-04-08,52011,Charleroi,21
2020-04-08,52012,Châtelet,5
2020-04-08,52015,Courcelles,<5
2020-04-08,52018,Farciennes,<5
2020-04-08,52021,Fleurus,<5
2020-04-08,52025,Gerpinnes,<5
2020-04-08,52055,Pont-à-Celles,<5
2020-04-08,52075,Les Bons Villers,<5
2020-04-08,53014,Boussu,<5
2020-04-08,53020,Dour,<5
2020-04-08,53028,Frameries,36
2020-04-08,53053,Mons,<5
2020-04-08,53070,Saint-Ghislain,<5
2020-04-08,53084,Quévy,<5
2020-04-08,55004,Braine-le-Comte,<5
2020-04-08,55035,Le Roeulx,11
2020-04-08,55040,Soignies,<5
2020-04-08,55050,Ecaussinnes,<5
2020-04-08,55086,Manage,<5
2020-04-08,56001,Anderlues,<5
2020-04-08,56022,Erquelinnes,<5
2020-04-08,56051,Momignies,<5
2020-04-08,56078,Thuin,<5
2020-04-08,57003,Antoing,<5
2020-04-08,57064,Péruwelz,<5
2020-04-08,57081,Tournai,<5
2020-04-08,57093,Brunehaut,<5
2020-04-08,57096,Mouscron,5
2020-04-08,57097,Comines-Warneton,<5
2020-04-08,58001,La Louvière,18
2020-04-08,58002,Binche,12
2020-04-08,58003,Estinnes,<5
2020-04-08,58004,Morlanwelz,5
2020-04-09,25105,Tubize,9
2020-04-09,25107,Villers-la-Ville,<5
2020-04-09,51004,Ath,11
2020-04-09,51009,Bernissart,<5
2020-04-09,51014,Chièvres,<5
2020-04-09,51065,Frasnes-lez-Anvaing,<5
2020-04-09,51067,Enghien,<5
2020-04-09,51069,Lessines,6
2020-04-09,52010,Chapelle-lez-Herlaimont,<5
2020-04-09,52011,Charleroi,49
2020-04-09,52012,Châtelet,7
2020-04-09,52015,Courcelles,11
2020-04-09,52018,Farciennes,<5
2020-04-09,52021,Fleurus,5
2020-04-09,52022,Fontaine-l’Evêque,<5
2020-04-09,52048,Montigny-le-Tilleul,<5
2020-04-09,52055,Pont-à-Celles,<5
2020-04-09,52074,Aiseau-Presles,<5
2020-04-09,52075,Les Bons Villers,9
2020-04-09,53014,Boussu,<5
2020-04-09,53020,Dour,<5
2020-04-09,53028,Frameries,34
2020-04-09,53046,Lens,<5
2020-04-09,53053,Mons,19
2020-04-09,53065,Quaregnon,<5
2020-04-09,53068,Quiévrain,<5
2020-04-09,53070,Saint-Ghislain,<5
2020-04-09,53082,Colfontaine,<5
2020-04-09,53083,Honnelles,<5
2020-04-09,55004,Braine-le-Comte,<5
2020-04-09,55035,Le Roeulx,<5
2020-04-09,55040,Soignies,<5
2020-04-09,55050,Ecaussinnes,<5
2020-04-09,55085,Seneffe,<5
2020-04-09,55086,Manage,<5
2020-04-09,56001,Anderlues,<5
2020-04-09,56005,Beaumont,<5
2020-04-09,56022,Erquelinnes,<5
2020-04-09,56029,Froidchapelle,<5
2020-04-09,56051,Momignies,<5
2020-04-09,56078,Thuin,<5
2020-04-09,56086,Ham-sur-Heure-Nalinnes,<5
2020-04-09,57018,Celles (Tournai),<5
2020-04-09,57027,Estaimpuis,<5
2020-04-09,57062,Pecq,<5
2020-04-09,57064,Péruwelz,<5
2020-04-09,57081,Tournai,<5
2020-04-09,57093,Brunehaut,<5
2020-04-09,57094,Leuze-en-Hainaut,<5
2020-04-09,57096,Mouscron,16
2020-04-09,57097,Comines-Warneton,<5
2020-04-09,58001,La Louvière,8
2020-04-09,58002,Binche,8
2020-04-09,58003,Estinnes,<5
2020-04-09,58004,Morlanwelz,<5
2020-04-10,25107,Villers-la-Ville,<5
2020-04-10,51004,Ath,7
2020-04-10,51008,Beloeil,<5
2020-04-10,51009,Bernissart,<5
2020-04-10,51017,Ellezelles,<5
2020-04-10,51019,Flobecq,<5
2020-04-10,51067,Enghien,<5
2020-04-10,52011,Charleroi,24
2020-04-10,52012,Châtelet,9
2020-04-10,52015,Courcelles,<5
2020-04-10,52018,Farciennes,<5
2020-04-10,52021,Fleurus,<5
2020-04-10,52022,Fontaine-l’Evêque,<5
2020-04-10,52025,Gerpinnes,5
2020-04-10,52055,Pont-à-Celles,<5
2020-04-10,53014,Boussu,7
2020-04-10,53020,Dour,6
2020-04-10,53028,Frameries,9
2020-04-10,53039,Hensies,<5
2020-04-10,53044,Jurbise,<5
2020-04-10,53053,Mons,55
2020-04-10,53065,Quaregnon,8
2020-04-10,53068,Quiévrain,<5
2020-04-10,53070,Saint-Ghislain,<5
2020-04-10,53082,Colfontaine,<5
2020-04-10,53083,Honnelles,<5
2020-04-10,53084,Quévy,<5
2020-04-10,55004,Braine-le-Comte,<5
2020-04-10,55035,Le Roeulx,<5
2020-04-10,55040,Soignies,9
2020-04-10,55086,Manage,<5
2020-04-10,56005,Beaumont,<5
2020-04-10,56016,Chimay,<5
2020-04-10,56022,Erquelinnes,<5
2020-04-10,56044,Lobbes,<5
2020-04-10,56049,Merbes-le-Château,<5
2020-04-10,56086,Ham-sur-Heure-Nalinnes,<5
2020-04-10,57064,Péruwelz,<5
2020-04-10,57081,Tournai,7
2020-04-10,57093,Brunehaut,<5
2020-04-10,57094,Leuze-en-Hainaut,<5
2020-04-10,57096,Mouscron,11
2020-04-10,57097,Comines-Warneton,<5
2020-04-10,58001,La Louvière,11
2020-04-10,58002,Binche,<5
2020-04-10,58004,Morlanwelz,<5
2020-04-11,25105,Tubize,<5
2020-04-11,51004,Ath,<5
2020-04-11,51008,Beloeil,<5
2020-04-11,51009,Bernissart,<5
2020-04-11,51017,Ellezelles,<5
2020-04-11,51065,Frasnes-lez-Anvaing,<5
2020-04-11,51067,Enghien,<5
2020-04-11,51068,Silly,<5
2020-04-11,52011,Charleroi,7
2020-04-11,52015,Courcelles,<5
2020-04-11,52021,Fleurus,<5
2020-04-11,52022,Fontaine-l’Evêque,<5
2020-04-11,52075,Les Bons Villers,<5
2020-04-11,53028,Frameries,<5
2020-04-11,53039,Hensies,<5
2020-04-11,53053,Mons,11
2020-04-11,53083,Honnelles,<5
2020-04-11,55035,Le Roeulx,<5
2020-04-11,55040,Soignies,<5
2020-04-11,55050,Ecaussinnes,<5
2020-04-11,55086,Manage,<5
2020-04-11,56001,Anderlues,<5
2020-04-11,57062,Pecq,<5
2020-04-11,57064,Péruwelz,<5
2020-04-11,57093,Brunehaut,<5
2020-04-11,57094,Leuze-en-Hainaut,<5
2020-04-11,57096,Mouscron,<5
2020-04-11,58001,La Louvière,<5
2020-04-11,58002,Binche,<5
2020-04-12,51014,Chièvres,<5
2020-04-12,51067,Enghien,<5
2020-04-12,51068,Silly,<5
2020-04-12,52011,Charleroi,<5
2020-04-12,52021,Fleurus,<5
2020-04-12,52025,Gerpinnes,<5
2020-04-12,52048,Montigny-le-Tilleul,<5
2020-04-12,52074,Aiseau-Presles,<5
2020-04-12,53020,Dour,<5
2020-04-12,53065,Quaregnon,<5
2020-04-12,55040,Soignies,<5
2020-04-12,55085,Seneffe,<5
2020-04-12,55086,Manage,<5
2020-04-12,56001,Anderlues,<5
2020-04-12,57018,Celles (Tournai),<5
2020-04-12,57064,Péruwelz,<5
2020-04-12,57081,Tournai,<5
2020-04-12,57096,Mouscron,<5
2020-04-12,58001,La Louvière,<5
2020-04-12,58002,Binche,<5
2020-04-12,58004,Morlanwelz,5
2020-04-13,25105,Tubize,<5
2020-04-13,25107,Villers-la-Ville,<5
2020-04-13,51004,Ath,<5
2020-04-13,51009,Bernissart,<5
2020-04-13,51017,Ellezelles,<5
2020-04-13,51065,Frasnes-lez-Anvaing,<5
2020-04-13,51067,Enghien,<5
2020-04-13,52010,Chapelle-lez-Herlaimont,<5
2020-04-13,52011,Charleroi,5
2020-04-13,52012,Châtelet,<5
2020-04-13,52074,Aiseau-Presles,<5
2020-04-13,52075,Les Bons Villers,<5
2020-04-13,53014,Boussu,<5
2020-04-13,53020,Dour,<5
2020-04-13,53028,Frameries,<5
2020-04-13,53053,Mons,<5
2020-04-13,53065,Quaregnon,<5
2020-04-13,53083,Honnelles,<5
2020-04-13,55004,Braine-le-Comte,<5
2020-04-13,55035,Le Roeulx,<5
2020-04-13,55040,Soignies,<5
2020-04-13,55050,Ecaussinnes,<5
2020-04-13,55086,Manage,<5
2020-04-13,56016,Chimay,<5
2020-04-13,56022,Erquelinnes,<5
2020-04-13,56029,Froidchapelle,<5
2020-04-13,57081,Tournai,<5
2020-04-13,57095,Mont-de-l’Enclus,<5
2020-04-13,57096,Mouscron,<5
2020-04-13,58001,La Louvière,<5
2020-04-13,58002,Binche,<5
2020-04-13,58004,Morlanwelz,<5
2020-04-14,25105,Tubize,40
2020-04-14,51004,Ath,5
2020-04-14,51008,Beloeil,<5
2020-04-14,51012,Brugelette,<5
2020-04-14,51065,Frasnes-lez-Anvaing,<5
2020-04-14,51068,Silly,<5
2020-04-14,52010,Chapelle-lez-Herlaimont,<5
2020-04-14,52011,Charleroi,20
2020-04-14,52012,Châtelet,16
2020-04-14,52015,Courcelles,<5
2020-04-14,52018,Farciennes,<5
2020-04-14,52021,Fleurus,<5
2020-04-14,52022,Fontaine-l’Evêque,<5
2020-04-14,52025,Gerpinnes,<5
2020-04-14,52048,Montigny-le-Tilleul,<5
2020-04-14,52055,Pont-à-Celles,<5
2020-04-14,52074,Aiseau-Presles,<5
2020-04-14,52075,Les Bons Villers,<5
2020-04-14,53014,Boussu,<5
2020-04-14,53020,Dour,<5
2020-04-14,53028,Frameries,5
2020-04-14,53044,Jurbise,<5
2020-04-14,53046,Lens,<5
2020-04-14,53053,Mons,24
2020-04-14,53065,Quaregnon,<5
2020-04-14,53070,Saint-Ghislain,14
2020-04-14,53082,Colfontaine,5
2020-04-14,53083,Honnelles,<5
2020-04-14,55004,Braine-le-Comte,<5
2020-04-14,55035,Le Roeulx,<5
2020-04-14,55040,Soignies,<5
2020-04-14,55050,Ecaussinnes,<5
2020-04-14,55085,Seneffe,<5
2020-04-14,55086,Manage,<5
2020-04-14,56005,Beaumont,<5
2020-04-14,56022,Erquelinnes,<5
2020-04-14,56049,Merbes-le-Château,<5
2020-04-14,56088,Sivry-Rance,<5
2020-04-14,57018,Celles (Tournai),<5
2020-04-14,57027,Estaimpuis,<5
2020-04-14,57064,Péruwelz,<5
2020-04-14,57081,Tournai,<5
2020-04-14,57094,Leuze-en-Hainaut,<5
2020-04-14,57096,Mouscron,7
2020-04-14,57097,Comines-Warneton,<5
2020-04-14,58001,La Louvière,15
2020-04-14,58002,Binche,<5
2020-04-14,58003,Estinnes,<5
2020-04-14,58004,Morlanwelz,<5
2020-04-15,25105,Tubize,<5
2020-04-15,25107,Villers-la-Ville,<5
2020-04-15,51004,Ath,<5
2020-04-15,51009,Bernissart,<5
2020-04-15,51014,Chièvres,<5
2020-04-15,51065,Frasnes-lez-Anvaing,<5
2020-04-15,51068,Silly,<5
2020-04-15,51069,Lessines,<5
2020-04-15,52010,Chapelle-lez-Herlaimont,<5
2020-04-15,52011,Charleroi,35
2020-04-15,52012,Châtelet,<5
2020-04-15,52021,Fleurus,<5
2020-04-15,52048,Montigny-le-Tilleul,<5
2020-04-15,52055,Pont-à-Celles,<5
2020-04-15,52075,Les Bons Villers,23
2020-04-15,53014,Boussu,<5
2020-04-15,53020,Dour,<5
2020-04-15,53028,Frameries,<5
2020-04-15,53046,Lens,<5
2020-04-15,53053,Mons,5
2020-04-15,53082,Colfontaine,<5
2020-04-15,53084,Quévy,<5
2020-04-15,55004,Braine-le-Comte,<5
2020-04-15,55040,Soignies,6
2020-04-15,55050,Ecaussinnes,<5
2020-04-15,55086,Manage,<5
2020-04-15,56022,Erquelinnes,<5
2020-04-15,56029,Froidchapelle,<5
2020-04-15,57064,Péruwelz,<5
2020-04-15,57081,Tournai,<5
2020-04-15,57096,Mouscron,<5
2020-04-15,57097,Comines-Warneton,<5
2020-04-15,58001,La Louvière,10
2020-04-15,58002,Binche,5
2020-04-15,58004,Morlanwelz,7
2020-04-16,25105,Tubize,<5
2020-04-16,51019,Flobecq,<5
2020-04-16,51065,Frasnes-lez-Anvaing,<5
2020-04-16,51067,Enghien,<5
2020-04-16,51069,Lessines,<5
2020-04-16,52010,Chapelle-lez-Herlaimont,<5
2020-04-16,52011,Charleroi,13
2020-04-16,52012,Châtelet,8
2020-04-16,52015,Courcelles,<5
2020-04-16,52018,Farciennes,<5
2020-04-16,52021,Fleurus,43
2020-04-16,52022,Fontaine-l’Evêque,<5
2020-04-16,52025,Gerpinnes,<5
2020-04-16,52048,Montigny-le-Tilleul,<5
2020-04-16,52074,Aiseau-Presles,<5
2020-04-16,52075,Les Bons Villers,<5
2020-04-16,53014,Boussu,<5
2020-04-16,53020,Dour,<5
2020-04-16,53028,Frameries,6
2020-04-16,53039,Hensies,<5
2020-04-16,53044,Jurbise,<5
2020-04-16,53053,Mons,20
2020-04-16,53065,Quaregnon,7
2020-04-16,53070,Saint-Ghislain,11
2020-04-16,53082,Colfontaine,<5
2020-04-16,53083,Honnelles,<5
2020-04-16,53084,Quévy,5
2020-04-16,55050,Ecaussinnes,<5
2020-04-16,56001,Anderlues,<5
2020-04-16,56022,Erquelinnes,<5
2020-04-16,56044,Lobbes,<5
2020-04-16,56088,Sivry-Rance,<5
2020-04-16,57018,Celles (Tournai),<5
2020-04-16,57072,Rumes,<5
2020-04-16,57081,Tournai,<5
2020-04-16,57094,Leuze-en-Hainaut,<5
2020-04-16,57096,Mouscron,24
2020-04-16,57097,Comines-Warneton,<5
2020-04-16,58001,La Louvière,22
2020-04-16,58002,Binche,9
2020-04-16,58004,Morlanwelz,<5
2020-04-17,25107,Villers-la-Ville,<5
2020-04-17,51004,Ath,<5
2020-04-17,51017,Ellezelles,<5
2020-04-17,51065,Frasnes-lez-Anvaing,<5
2020-04-17,51067,Enghien,<5
2020-04-17,51068,Silly,<5
2020-04-17,52010,Chapelle-lez-Herlaimont,6
2020-04-17,52011,Charleroi,15
2020-04-17,52012,Châtelet,6
2020-04-17,52021,Fleurus,<5
2020-04-17,52022,Fontaine-l’Evêque,<5
2020-04-17,52025,Gerpinnes,<5
2020-04-17,53014,Boussu,<5
2020-04-17,53020,Dour,<5
2020-04-17,53046,Lens,<5
2020-04-17,53053,Mons,7
2020-04-17,53068,Quiévrain,<5
2020-04-17,53082,Colfontaine,<5
2020-04-17,55040,Soignies,9
2020-04-17,55050,Ecaussinnes,<5
2020-04-17,55085,Seneffe,<5
2020-04-17,55086,Manage,<5
2020-04-17,56022,Erquelinnes,<5
2020-04-17,56044,Lobbes,<5
2020-04-17,56051,Momignies,<5
2020-04-17,56078,Thuin,<5
2020-04-17,57062,Pecq,<5
2020-04-17,57064,Péruwelz,<5
2020-04-17,57072,Rumes,<5
2020-04-17,57081,Tournai,<5
2020-04-17,57094,Leuze-en-Hainaut,<5
2020-04-17,57096,Mouscron,<5
2020-04-17,57097,Comines-Warneton,<5
2020-04-17,58001,La Louvière,11
2020-04-17,58002,Binche,14
2020-04-17,58003,Estinnes,<5
2020-04-17,58004,Morlanwelz,51
2020-04-18,51004,Ath,23
2020-04-18,51008,Beloeil,<5
2020-04-18,51009,Bernissart,<5
2020-04-18,51014,Chièvres,<5
2020-04-18,51065,Frasnes-lez-Anvaing,<5
2020-04-18,51069,Lessines,<5
2020-04-18,52010,Chapelle-lez-Herlaimont,<5
2020-04-18,52011,Charleroi,37
2020-04-18,52012,Châtelet,<5
2020-04-18,52015,Courcelles,<5
2020-04-18,52021,Fleurus,<5
2020-04-18,52025,Gerpinnes,<5
2020-04-18,52048,Montigny-le-Tilleul,<5
2020-04-18,52074,Aiseau-Presles,<5
2020-04-18,52075,Les Bons Villers,16
2020-04-18,53014,Boussu,6
2020-04-18,53020,Dour,<5
2020-04-18,53028,Frameries,<5
2020-04-18,53039,Hensies,<5
2020-04-18,53046,Lens,<5
2020-04-18,53053,Mons,39
2020-04-18,53065,Quaregnon,<5
2020-04-18,53070,Saint-Ghislain,8
2020-04-18,53082,Colfontaine,5
2020-04-18,53083,Honnelles,<5
2020-04-18,53084,Quévy,<5
2020-04-18,55004,Braine-le-Comte,<5
2020-04-18,55040,Soignies,<5
2020-04-18,55086,Manage,<5
2020-04-18,56022,Erquelinnes,<5
2020-04-18,56044,Lobbes,<5
2020-04-18,56086,Ham-sur-Heure-Nalinnes,<5
2020-04-18,57062,Pecq,<5
2020-04-18,57064,Péruwelz,<5
2020-04-18,57081,Tournai,5
2020-04-18,57093,Brunehaut,21
2020-04-18,57094,Leuze-en-Hainaut,<5
2020-04-18,57096,Mouscron,7
2020-04-18,58001,La Louvière,<5
2020-04-18,58002,Binche,5
2020-04-19,25105,Tubize,<5
2020-04-19,51069,Lessines,<5
2020-04-19,52011,Charleroi,10
2020-04-19,52012,Châtelet,9
2020-04-19,52018,Farciennes,<5
2020-04-19,52021,Fleurus,<5
2020-04-19,52025,Gerpinnes,<5
2020-04-19,52074,Aiseau-Presles,<5
2020-04-19,53014,Boussu,<5
2020-04-19,53020,Dour,<5
2020-04-19,53053,Mons,<5
2020-04-19,55035,Le Roeulx,17
2020-04-19,56005,Beaumont,<5
2020-04-19,56078,Thuin,<5
2020-04-19,57018,Celles (Tournai),<5
2020-04-19,57093,Brunehaut,<5
2020-04-19,57096,Mouscron,<5
2020-04-19,57097,Comines-Warneton,<5
2020-04-19,58001,La Louvière,<5
2020-04-19,58002,Binche,<5
2020-04-20,25105,Tubize,<5
2020-04-20,51004,Ath,<5
2020-04-20,51008,Beloeil,<5
2020-04-20,51009,Bernissart,<5
2020-04-20,51017,Ellezelles,<5
2020-04-20,51019,Flobecq,<5
2020-04-20,51067,Enghien,<5
2020-04-20,52010,Chapelle-lez-Herlaimont,<5
2020-04-20,52011,Charleroi,73
2020-04-20,52012,Châtelet,5
2020-04-20,52015,Courcelles,<5
2020-04-20,52021,Fleurus,<5
2020-04-20,52022,Fontaine-l’Evêque,<5
2020-04-20,52025,Gerpinnes,<5
2020-04-20,52055,Pont-à-Celles,<5
2020-04-20,52074,Aiseau-Presles,<5
2020-04-20,52075,Les Bons Villers,8
2020-04-20,53020,Dour,<5
2020-04-20,53028,Frameries,<5
2020-04-20,53039,Hensies,<5
2020-04-20,53053,Mons,9
2020-04-20,53070,Saint-Ghislain,<5
2020-04-20,53082,Colfontaine,<5
2020-04-20,53083,Honnelles,<5
2020-04-20,55004,Braine-le-Comte,<5
2020-04-20,55085,Seneffe,10
2020-04-20,55086,Manage,<5
2020-04-20,56005,Beaumont,<5
2020-04-20,56022,Erquelinnes,<5
2020-04-20,56044,Lobbes,<5
2020-04-20,56049,Merbes-le-Château,<5
2020-04-20,56088,Sivry-Rance,<5
2020-04-20,57081,Tournai,5
2020-04-20,57093,Brunehaut,<5
2020-04-20,57095,Mont-de-l’Enclus,<5
2020-04-20,57096,Mouscron,6
2020-04-20,57097,Comines-Warneton,<5
2020-04-20,58001,La Louvière,<5
2020-04-20,58002,Binche,<5
2020-04-20,58003,Estinnes,<5
2020-04-21,25105,Tubize,<5
2020-04-21,51004,Ath,<5
2020-04-21,51008,Beloeil,<5
2020-04-21,51009,Bernissart,<5
2020-04-21,51067,Enghien,21
2020-04-21,51068,Silly,<5
2020-04-21,52010,Chapelle-lez-Herlaimont,34
2020-04-21,52011,Charleroi,68
2020-04-21,52012,Châtelet,<5
2020-04-21,52015,Courcelles,<5
2020-04-21,52021,Fleurus,<5
2020-04-21,52022,Fontaine-l’Evêque,<5
2020-04-21,52025,Gerpinnes,<5
2020-04-21,52055,Pont-à-Celles,5
2020-04-21,52075,Les Bons Villers,<5
2020-04-21,53014,Boussu,<5
2020-04-21,53020,Dour,6
2020-04-21,53028,Frameries,<5
2020-04-21,53044,Jurbise,<5
2020-04-21,53046,Lens,<5
2020-04-21,53053,Mons,9
2020-04-21,53065,Quaregnon,<5
2020-04-21,53068,Quiévrain,<5
2020-04-21,53070,Saint-Ghislain,<5
2020-04-21,55004,Braine-le-Comte,<5
2020-04-21,55040,Soignies,27
2020-04-21,55050,Ecaussinnes,<5
2020-04-21,55085,Seneffe,<5
2020-04-21,55086,Manage,<5
2020-04-21,56001,Anderlues,<5
2020-04-21,56005,Beaumont,<5
2020-04-21,56022,Erquelinnes,<5
2020-04-21,56086,Ham-sur-Heure-Nalinnes,<5
2020-04-21,57018,Celles (Tournai),<5
2020-04-21,57062,Pecq,<5
2020-04-21,57064,Péruwelz,<5
2020-04-21,57081,Tournai,<5
2020-04-21,57094,Leuze-en-Hainaut,<5
2020-04-21,57096,Mouscron,18
2020-04-21,57097,Comines-Warneton,<5
2020-04-21,58001,La Louvière,5
2020-04-21,58002,Binche,48
2020-04-21,58003,Estinnes,<5
2020-04-21,58004,Morlanwelz,6
2020-04-22,25105,Tubize,<5
2020-04-22,25107,Villers-la-Ville,<5
2020-04-22,51004,Ath,<5
2020-04-22,51014,Chièvres,<5
2020-04-22,52011,Charleroi,9
2020-04-22,52012,Châtelet,<5
2020-04-22,52015,Courcelles,<5
2020-04-22,52018,Farciennes,13
2020-04-22,52048,Montigny-le-Tilleul,<5
2020-04-22,53014,Boussu,<5
2020-04-22,53020,Dour,8
2020-04-22,53028,Frameries,<5
2020-04-22,53039,Hensies,<5
2020-04-22,53044,Jurbise,<5
2020-04-22,53053,Mons,19
2020-04-22,53068,Quiévrain,<5
2020-04-22,53070,Saint-Ghislain,5
2020-04-22,55050,Ecaussinnes,<5
2020-04-22,55085,Seneffe,<5
2020-04-22,55086,Manage,<5
2020-04-22,56001,Anderlues,<5
2020-04-22,56022,Erquelinnes,<5
2020-04-22,56044,Lobbes,<5
2020-04-22,56086,Ham-sur-Heure-Nalinnes,<5
2020-04-22,57003,Antoing,<5
2020-04-22,57062,Pecq,<5
2020-04-22,57081,Tournai,<5
2020-04-22,57096,Mouscron,10
2020-04-22,58001,La Louvière,<5
2020-04-22,58002,Binche,<5
2020-04-22,58003,Estinnes,<5
2020-04-22,58004,Morlanwelz,<5
2020-04-23,25105,Tubize,<5
2020-04-23,51004,Ath,<5
2020-04-23,51009,Bernissart,<5
2020-04-23,51069,Lessines,14
2020-04-23,52010,Chapelle-lez-Herlaimont,<5
2020-04-23,52011,Charleroi,38
2020-04-23,52021,Fleurus,<5
2020-04-23,52025,Gerpinnes,<5
2020-04-23,52048,Montigny-le-Tilleul,<5
2020-04-23,52074,Aiseau-Presles,<5
2020-04-23,53020,Dour,5
2020-04-23,53028,Frameries,<5
2020-04-23,53039,Hensies,<5
2020-04-23,53053,Mons,<5
2020-04-23,53065,Quaregnon,<5
2020-04-23,53070,Saint-Ghislain,<5
2020-04-23,53082,Colfontaine,<5
2020-04-23,53084,Quévy,<5
2020-04-23,55040,Soignies,<5
2020-04-23,55085,Seneffe,<5
2020-04-23,55086,Manage,<5
2020-04-23,56005,Beaumont,<5
2020-04-23,56086,Ham-sur-Heure-Nalinnes,6
2020-04-23,57003,Antoing,<5
2020-04-23,57064,Péruwelz,<5
2020-04-23,57072,Rumes,<5
2020-04-23,57081,Tournai,16
2020-04-23,57094,Leuze-en-Hainaut,<5
2020-04-23,57096,Mouscron,10
2020-04-23,58001,La Louvière,26
2020-04-23,58002,Binche,<5
2020-04-23,58004,Morlanwelz,<5
2020-04-24,25105,Tubize,<5
2020-04-24,51008,Beloeil,<5
2020-04-24,51009,Bernissart,<5
2020-04-24,51014,Chièvres,<5
2020-04-24,51017,Ellezelles,<5
2020-04-24,51069,Lessines,<5
2020-04-24,52010,Chapelle-lez-Herlaimont,<5
2020-04-24,52011,Charleroi,10
2020-04-24,52048,Montigny-le-Tilleul,<5
2020-04-24,52074,Aiseau-Presles,<5
2020-04-24,53014,Boussu,<5
2020-04-24,53020,Dour,<5
2020-04-24,53028,Frameries,<5
2020-04-24,53053,Mons,<5
2020-04-24,53065,Quaregnon,<5
2020-04-24,53068,Quiévrain,<5
2020-04-24,53070,Saint-Ghislain,<5
2020-04-24,53082,Colfontaine,<5
2020-04-24,53083,Honnelles,<5
2020-04-24,53084,Quévy,<5
2020-04-24,55004,Braine-le-Comte,<5
2020-04-24,55040,Soignies,<5
2020-04-24,56078,Thuin,<5
2020-04-24,57003,Antoing,<5
2020-04-24,57018,Celles (Tournai),<5
2020-04-24,57062,Pecq,<5
2020-04-24,57064,Péruwelz,<5
2020-04-24,57081,Tournai,<5
2020-04-24,57093,Brunehaut,<5
2020-04-24,57094,Leuze-en-Hainaut,7
2020-04-24,57096,Mouscron,7
2020-04-24,58001,La Louvière,<5
2020-04-25,51067,Enghien,<5
2020-04-25,52011,Charleroi,<5
2020-04-25,52012,Châtelet,<5
2020-04-25,52015,Courcelles,<5
2020-04-25,52021,Fleurus,<5
2020-04-25,52055,Pont-à-Celles,<5
2020-04-25,53014,Boussu,<5
2020-04-25,53028,Frameries,<5
2020-04-25,53053,Mons,<5
2020-04-25,53065,Quaregnon,8
2020-04-25,53082,Colfontaine,<5
2020-04-25,53084,Quévy,<5
2020-04-25,56016,Chimay,<5
2020-04-25,57081,Tournai,<5
2020-04-25,57094,Leuze-en-Hainaut,<5
2020-04-25,58001,La Louvière,7
2020-04-25,58004,Morlanwelz,<5
2020-04-26,25105,Tubize,<5
2020-04-26,51009,Bernissart,<5
2020-04-26,52011,Charleroi,8
2020-04-26,52012,Châtelet,<5
2020-04-26,52015,Courcelles,<5
2020-04-26,53014,Boussu,<5
2020-04-26,55004,Braine-le-Comte,<5
2020-04-26,55040,Soignies,<5
2020-04-26,55050,Ecaussinnes,<5
2020-04-26,55086,Manage,<5
2020-04-26,56005,Beaumont,<5
2020-04-26,57003,Antoing,<5
2020-04-26,57027,Estaimpuis,<5
2020-04-26,57081,Tournai,<5
2020-04-26,57096,Mouscron,5
2020-04-26,57097,Comines-Warneton,<5
2020-04-26,58001,La Louvière,<5
2020-04-27,25105,Tubize,<5
2020-04-27,51009,Bernissart,<5
2020-04-27,51017,Ellezelles,<5
2020-04-27,51065,Frasnes-lez-Anvaing,<5
2020-04-27,51067,Enghien,<5
2020-04-27,51068,Silly,<5
2020-04-27,52011,Charleroi,5
2020-04-27,52021,Fleurus,<5
2020-04-27,52048,Montigny-le-Tilleul,<5
2020-04-27,52055,Pont-à-Celles,<5
2020-04-27,52074,Aiseau-Presles,<5
2020-04-27,53014,Boussu,<5
2020-04-27,53020,Dour,<5
2020-04-27,53039,Hensies,<5
2020-04-27,53044,Jurbise,<5
2020-04-27,53053,Mons,7
2020-04-27,53068,Quiévrain,<5
2020-04-27,53082,Colfontaine,5
2020-04-27,55004,Braine-le-Comte,<5
2020-04-27,55040,Soignies,16
2020-04-27,55050,Ecaussinnes,<5
2020-04-27,55086,Manage,<5
2020-04-27,56001,Anderlues,<5
2020-04-27,56049,Merbes-le-Château,<5
2020-04-27,57003,Antoing,<5
2020-04-27,57027,Estaimpuis,<5
2020-04-27,57064,Péruwelz,<5
2020-04-27,57081,Tournai,7
2020-04-27,57095,Mont-de-l’Enclus,<5
2020-04-27,57096,Mouscron,<5
2020-04-27,58001,La Louvière,<5
2020-04-27,58002,Binche,<5
2020-04-27,58004,Morlanwelz,<5
2020-04-28,25105,Tubize,<5
2020-04-28,51009,Bernissart,<5
2020-04-28,51065,Frasnes-lez-Anvaing,<5
2020-04-28,52011,Charleroi,6
2020-04-28,52012,Châtelet,<5
2020-04-28,52075,Les Bons Villers,<5
2020-04-28,53014,Boussu,<5
2020-04-28,53053,Mons,<5
2020-04-28,53082,Colfontaine,<5
2020-04-28,53084,Quévy,<5
2020-04-28,55086,Manage,<5
2020-04-28,56078,Thuin,<5
2020-04-28,56086,Ham-sur-Heure-Nalinnes,<5
2020-04-28,57027,Estaimpuis,<5
2020-04-28,57064,Péruwelz,<5
2020-04-28,57081,Tournai,7
2020-04-28,57093,Brunehaut,<5
2020-04-28,57096,Mouscron,11
2020-04-28,57097,Comines-Warneton,<5
2020-04-28,58001,La Louvière,5
2020-04-29,51008,Beloeil,<5
2020-04-29,52010,Chapelle-lez-Herlaimont,<5
2020-04-29,52011,Charleroi,6
2020-04-29,52012,Châtelet,<5
2020-04-29,52021,Fleurus,<5
2020-04-29,52022,Fontaine-l’Evêque,<5
2020-04-29,52055,Pont-à-Celles,<5
2020-04-29,53053,Mons,<5
2020-04-29,53065,Quaregnon,<5
2020-04-29,56001,Anderlues,<5
2020-04-29,56016,Chimay,<5
2020-04-29,56022,Erquelinnes,<5
2020-04-29,56086,Ham-sur-Heure-Nalinnes,<5
2020-04-29,56088,Sivry-Rance,<5
2020-04-29,57027,Estaimpuis,<5
2020-04-29,57094,Leuze-en-Hainaut,<5
2020-04-29,57096,Mouscron,5
2020-04-29,58001,La Louvière,<5
2020-04-29,58002,Binche,<5
2020-04-30,25105,Tubize,<5
2020-04-30,51009,Bernissart,<5
2020-04-30,52010,Chapelle-lez-Herlaimont,16
2020-04-30,52011,Charleroi,<5
2020-04-30,52012,Châtelet,<5
2020-04-30,52015,Courcelles,<5
2020-04-30,52021,Fleurus,<5
2020-04-30,53014,Boussu,<5
2020-04-30,53020,Dour,<5
2020-04-30,53053,Mons,<5
2020-04-30,53065,Quaregnon,<5
2020-04-30,53082,Colfontaine,<5
2020-04-30,55050,Ecaussinnes,<5
2020-04-30,55086,Manage,<5
2020-04-30,56001,Anderlues,<5
2020-04-30,56022,Erquelinnes,<5
2020-04-30,57064,Péruwelz,12
2020-04-30,57081,Tournai,<5
2020-04-30,57094,Leuze-en-Hainaut,<5
2020-04-30,57096,Mouscron,<5
2020-04-30,58001,La Louvière,<5
2020-04-30,58002,Binche,<5
2020-05-01,51009,Bernissart,<5
2020-05-01,52011,Charleroi,<5
2020-05-01,52074,Aiseau-Presles,<5
2020-05-01,53053,Mons,<5
2020-05-01,53068,Quiévrain,<5
2020-05-01,53082,Colfontaine,<5
2020-05-01,55004,Braine-le-Comte,<5
2020-05-01,57062,Pecq,<5
2020-05-01,57081,Tournai,<5
2020-05-01,57095,Mont-de-l’Enclus,<5
2020-05-01,57096,Mouscron,<5
2020-05-01,57097,Comines-Warneton,<5
2020-05-01,58001,La Louvière,<5
2020-05-02,25105,Tubize,<5
2020-05-02,25107,Villers-la-Ville,<5
2020-05-02,51008,Beloeil,<5
2020-05-02,52011,Charleroi,<5
2020-05-02,52012,Châtelet,<5
2020-05-02,53053,Mons,10
2020-05-02,53070,Saint-Ghislain,<5
2020-05-02,55040,Soignies,<5
2020-05-02,55086,Manage,<5
2020-05-02,57081,Tournai,<5
2020-05-02,57096,Mouscron,20
2020-05-02,57097,Comines-Warneton,6
2020-05-02,58002,Binche,<5
2020-05-03,25105,Tubize,<5
2020-05-03,25107,Villers-la-Ville,<5
2020-05-03,51017,Ellezelles,<5
2020-05-03,51019,Flobecq,<5
2020-05-03,51069,Lessines,<5
2020-05-03,52011,Charleroi,<5
2020-05-03,52021,Fleurus,<5
2020-05-03,53020,Dour,<5
2020-05-03,56001,Anderlues,<5
2020-05-03,57096,Mouscron,<5
2020-05-03,58001,La Louvière,<5
2020-05-04,25105,Tubize,<5
2020-05-04,51008,Beloeil,<5
2020-05-04,51012,Brugelette,<5
2020-05-04,51065,Frasnes-lez-Anvaing,<5
2020-05-04,51069,Lessines,<5
2020-05-04,52011,Charleroi,<5
2020-05-04,52021,Fleurus,<5
2020-05-04,52022,Fontaine-l’Evêque,<5
2020-05-04,53020,Dour,<5
2020-05-04,53053,Mons,5
2020-05-04,53068,Quiévrain,<5
2020-05-04,55004,Braine-le-Comte,<5
2020-05-04,56016,Chimay,<5
2020-05-04,56049,Merbes-le-Château,<5
2020-05-04,57003,Antoing,<5
2020-05-04,57027,Estaimpuis,<5
2020-05-04,57062,Pecq,<5
2020-05-04,57072,Rumes,<5
2020-05-04,57081,Tournai,<5
2020-05-04,57093,Brunehaut,<5
2020-05-04,57096,Mouscron,<5
2020-05-04,58001,La Louvière,<5
2020-05-04,58002,Binche,<5
2020-05-04,58004,Morlanwelz,<5
2020-05-05,25105,Tubize,<5
2020-05-05,51004,Ath,<5
2020-05-05,51008,Beloeil,<5
2020-05-05,51009,Bernissart,<5
2020-05-05,52011,Charleroi,5
2020-05-05,52021,Fleurus,<5
2020-05-05,52074,Aiseau-Presles,<5
2020-05-05,53020,Dour,<5
2020-05-05,53028,Frameries,<5
2020-05-05,53039,Hensies,<5
2020-05-05,53053,Mons,<5
2020-05-05,53068,Quiévrain,<5
2020-05-05,53070,Saint-Ghislain,<5
2020-05-05,55040,Soignies,<5
2020-05-05,55085,Seneffe,<5
2020-05-05,55086,Manage,<5
2020-05-05,56005,Beaumont,<5
2020-05-05,56022,Erquelinnes,<5
2020-05-05,56086,Ham-sur-Heure-Nalinnes,<5
2020-05-05,57027,Estaimpuis,<5
2020-05-05,57062,Pecq,<5
2020-05-05,57064,Péruwelz,<5
2020-05-05,57081,Tournai,<5
2020-05-05,57096,Mouscron,6
2020-05-05,57097,Comines-Warneton,<5
2020-05-05,58001,La Louvière,<5
2020-05-05,58002,Binche,<5
2020-05-05,58004,Morlanwelz,<5
2020-05-06,25105,Tubize,<5
2020-05-06,51008,Beloeil,<5
2020-05-06,51017,Ellezelles,<5
2020-05-06,51065,Frasnes-lez-Anvaing,<5
2020-05-06,52010,Chapelle-lez-Herlaimont,<5
2020-05-06,52011,Charleroi,16
2020-05-06,52012,Châtelet,<5
2020-05-06,52015,Courcelles,<5
2020-05-06,52021,Fleurus,<5
2020-05-06,52022,Fontaine-l’Evêque,<5
2020-05-06,52025,Gerpinnes,<5
2020-05-06,52048,Montigny-le-Tilleul,<5
2020-05-06,52055,Pont-à-Celles,<5
2020-05-06,53020,Dour,5
2020-05-06,53044,Jurbise,<5
2020-05-06,53053,Mons,6
2020-05-06,53082,Colfontaine,<5
2020-05-06,56001,Anderlues,<5
2020-05-06,57027,Estaimpuis,<5
2020-05-06,57062,Pecq,<5
2020-05-06,57081,Tournai,<5
2020-05-06,57094,Leuze-en-Hainaut,<5
2020-05-06,57096,Mouscron,7
2020-05-06,58001,La Louvière,<5
2020-05-06,58002,Binche,<5
2020-05-07,25105,Tubize,<5
2020-05-07,51008,Beloeil,<5
2020-05-07,51012,Brugelette,<5
2020-05-07,51017,Ellezelles,<5
2020-05-07,51069,Lessines,<5
2020-05-07,52011,Charleroi,6
2020-05-07,52018,Farciennes,<5
2020-05-07,52075,Les Bons Villers,<5
2020-05-07,53020,Dour,<5
2020-05-07,53053,Mons,8
2020-05-07,53068,Quiévrain,<5
2020-05-07,53070,Saint-Ghislain,<5
2020-05-07,53082,Colfontaine,<5
2020-05-07,53084,Quévy,<5
2020-05-07,55004,Braine-le-Comte,<5
2020-05-07,55040,Soignies,<5
2020-05-07,57003,Antoing,<5
2020-05-07,57064,Péruwelz,<5
2020-05-07,57094,Leuze-en-Hainaut,<5
2020-05-07,58001,La Louvière,<5
2020-05-07,58004,Morlanwelz,<5
2020-05-08,25105,Tubize,<5
2020-05-08,51004,Ath,<5
2020-05-08,51067,Enghien,<5
2020-05-08,52010,Chapelle-lez-Herlaimont,<5
2020-05-08,52011,Charleroi,5
2020-05-08,52012,Châtelet,<5
2020-05-08,52015,Courcelles,<5
2020-05-08,52018,Farciennes,<5
2020-05-08,52048,Montigny-le-Tilleul,<5
2020-05-08,52074,Aiseau-Presles,<5
2020-05-08,53014,Boussu,<5
2020-05-08,53020,Dour,<5
2020-05-08,53028,Frameries,<5
2020-05-08,53044,Jurbise,<5
2020-05-08,53053,Mons,<5
2020-05-08,53065,Quaregnon,7
2020-05-08,53068,Quiévrain,<5
2020-05-08,53082,Colfontaine,<5
2020-05-08,53084,Quévy,<5
2020-05-08,55040,Soignies,<5
2020-05-08,56051,Momignies,<5
2020-05-08,56088,Sivry-Rance,<5
2020-05-08,57003,Antoing,<5
2020-05-08,57027,Estaimpuis,<5
2020-05-08,57062,Pecq,<5
2020-05-08,57064,Péruwelz,5
2020-05-08,57081,Tournai,<5
2020-05-08,57093,Brunehaut,<5
2020-05-08,57094,Leuze-en-Hainaut,<5
2020-05-08,57096,Mouscron,<5
2020-05-08,58001,La Louvière,6
2020-05-08,58002,Binche,5
2020-05-09,52011,Charleroi,<5
2020-05-09,52012,Châtelet,<5
2020-05-09,52015,Courcelles,<5
2020-05-09,52048,Montigny-le-Tilleul,<5
2020-05-09,53014,Boussu,<5
2020-05-09,53044,Jurbise,<5
2020-05-09,53053,Mons,8
2020-05-09,53082,Colfontaine,<5
2020-05-09,53084,Quévy,<5
2020-05-09,57064,Péruwelz,<5
2020-05-09,57096,Mouscron,<5
2020-05-09,58001,La Louvière,<5
2020-05-10,52011,Charleroi,<5
2020-05-10,52075,Les Bons Villers,<5
2020-05-10,53053,Mons,<5
2020-05-10,53068,Quiévrain,<5
2020-05-10,53070,Saint-Ghislain,<5
2020-05-10,57096,Mouscron,<5
2020-05-10,58001,La Louvière,<5
2020-05-10,58002,Binche,<5
2020-05-11,25105,Tubize,<5
2020-05-11,25107,Villers-la-Ville,<5
2020-05-11,51067,Enghien,<5
2020-05-11,52011,Charleroi,13
2020-05-11,52012,Châtelet,<5
2020-05-11,52021,Fleurus,<5
2020-05-11,52048,Montigny-le-Tilleul,<5
2020-05-11,52055,Pont-à-Celles,<5
2020-05-11,52075,Les Bons Villers,<5
2020-05-11,53014,Boussu,<5
2020-05-11,53039,Hensies,<5
2020-05-11,53053,Mons,<5
2020-05-11,55004,Braine-le-Comte,<5
2020-05-11,56086,Ham-sur-Heure-Nalinnes,<5
2020-05-11,57081,Tournai,<5
2020-05-11,57096,Mouscron,<5
2020-05-11,58001,La Louvière,<5
2020-05-11,58002,Binche,<5
2020-05-11,58004,Morlanwelz,<5
2020-05-12,25107,Villers-la-Ville,<5
2020-05-12,51004,Ath,<5
2020-05-12,51009,Bernissart,<5
2020-05-12,51014,Chièvres,<5
2020-05-12,51017,Ellezelles,<5
2020-05-12,51069,Lessines,<5
2020-05-12,52011,Charleroi,<5
2020-05-12,52012,Châtelet,<5
2020-05-12,52015,Courcelles,<5
2020-05-12,52025,Gerpinnes,<5
2020-05-12,52048,Montigny-le-Tilleul,<5
2020-05-12,52074,Aiseau-Presles,<5
2020-05-12,52075,Les Bons Villers,<5
2020-05-12,53014,Boussu,<5
2020-05-12,53020,Dour,<5
2020-05-12,53053,Mons,<5
2020-05-12,53065,Quaregnon,<5
2020-05-12,53070,Saint-Ghislain,<5
2020-05-12,53082,Colfontaine,<5
2020-05-12,53084,Quévy,<5
2020-05-12,56022,Erquelinnes,<5
2020-05-12,57062,Pecq,<5
2020-05-12,57081,Tournai,<5
2020-05-12,57093,Brunehaut,<5
2020-05-12,57096,Mouscron,11
2020-05-12,58001,La Louvière,<5
2020-05-12,58002,Binche,<5
2020-05-12,58004,Morlanwelz,<5
2020-05-13,25105,Tubize,<5
2020-05-13,25107,Villers-la-Ville,<5
2020-05-13,51004,Ath,<5
2020-05-13,52011,Charleroi,<5
2020-05-13,52018,Farciennes,<5
2020-05-13,53020,Dour,<5
2020-05-13,53039,Hensies,<5
2020-05-13,53053,Mons,<5
2020-05-13,53065,Quaregnon,<5
2020-05-13,55035,Le Roeulx,<5
2020-05-13,55040,Soignies,<5
2020-05-13,56022,Erquelinnes,<5
2020-05-13,56078,Thuin,<5
2020-05-13,57081,Tournai,<5
2020-05-13,57095,Mont-de-l’Enclus,<5
2020-05-13,57096,Mouscron,5
2020-05-13,58001,La Louvière,<5
2020-05-13,58002,Binche,<5
2020-05-14,52011,Charleroi,<5
2020-05-14,52012,Châtelet,<5
2020-05-14,53028,Frameries,<5
2020-05-14,53053,Mons,<5
2020-05-14,53082,Colfontaine,<5
2020-05-14,55086,Manage,<5
2020-05-14,56022,Erquelinnes,<5
2020-05-14,56044,Lobbes,<5
2020-05-14,56078,Thuin,<5
2020-05-14,57018,Celles (Tournai),<5
2020-05-14,57096,Mouscron,8
2020-05-14,57097,Comines-Warneton,<5
2020-05-14,58001,La Louvière,<5
2020-05-14,58002,Binche,<5
2020-05-15,51008,Beloeil,<5
2020-05-15,52010,Chapelle-lez-Herlaimont,<5
2020-05-15,52011,Charleroi,9
2020-05-15,52018,Farciennes,<5
2020-05-15,52021,Fleurus,<5
2020-05-15,52022,Fontaine-l’Evêque,<5
2020-05-15,52055,Pont-à-Celles,<5
2020-05-15,52074,Aiseau-Presles,<5
2020-05-15,53014,Boussu,<5
2020-05-15,53028,Frameries,<5
2020-05-15,53039,Hensies,<5
2020-05-15,53053,Mons,<5
2020-05-15,53065,Quaregnon,<5
2020-05-15,53082,Colfontaine,<5
2020-05-15,55004,Braine-le-Comte,<5
2020-05-15,55035,Le Roeulx,<5
2020-05-15,56005,Beaumont,<5
2020-05-15,56051,Momignies,<5
2020-05-15,57081,Tournai,<5
2020-05-15,57096,Mouscron,8
2020-05-15,57097,Comines-Warneton,<5
2020-05-15,58001,La Louvière,<5
2020-05-16,52011,Charleroi,<5
2020-05-16,52022,Fontaine-l’Evêque,<5
2020-05-16,53044,Jurbise,<5
2020-05-16,55004,Braine-le-Comte,<5
2020-05-16,56078,Thuin,<5
2020-05-16,57062,Pecq,<5
2020-05-16,57081,Tournai,<5
2020-05-16,57096,Mouscron,<5
2020-05-16,58001,La Louvière,<5
2020-05-17,25105,Tubize,<5
2020-05-17,52025,Gerpinnes,<5
2020-05-17,52074,Aiseau-Presles,<5
2020-05-17,55086,Manage,<5
2020-05-17,57096,Mouscron,<5
2020-05-17,58002,Binche,<5
2020-05-18,25105,Tubize,<5
2020-05-18,51069,Lessines,<5
2020-05-18,52011,Charleroi,<5
2020-05-18,52015,Courcelles,<5
2020-05-18,52074,Aiseau-Presles,<5
2020-05-18,52075,Les Bons Villers,<5
2020-05-18,53039,Hensies,<5
2020-05-18,53053,Mons,5
2020-05-18,53065,Quaregnon,<5
2020-05-18,53082,Colfontaine,<5
2020-05-18,55004,Braine-le-Comte,<5
2020-05-18,56001,Anderlues,<5
2020-05-18,57081,Tournai,<5
2020-05-18,57093,Brunehaut,<5
2020-05-18,57096,Mouscron,<5
2020-05-18,57097,Comines-Warneton,<5
2020-05-18,58001,La Louvière,<5
2020-05-19,25105,Tubize,<5
2020-05-19,51069,Lessines,<5
2020-05-19,52011,Charleroi,5
2020-05-19,52012,Châtelet,<5
2020-05-19,52074,Aiseau-Presles,<5
2020-05-19,53014,Boussu,<5
2020-05-19,55004,Braine-le-Comte,<5
2020-05-19,56001,Anderlues,<5
2020-05-19,57064,Péruwelz,<5
2020-05-19,57081,Tournai,<5
2020-05-19,57096,Mouscron,<5
2020-05-19,58001,La Louvière,<5
2020-05-19,58002,Binche,<5
2020-05-20,51004,Ath,<5
2020-05-20,51008,Beloeil,<5
2020-05-20,51019,Flobecq,<5
2020-05-20,51065,Frasnes-lez-Anvaing,<5
2020-05-20,51068,Silly,<5
2020-05-20,52011,Charleroi,13
2020-05-20,52055,Pont-à-Celles,<5
2020-05-20,53053,Mons,5
2020-05-20,53065,Quaregnon,<5
2020-05-20,53070,Saint-Ghislain,<5
2020-05-20,55035,Le Roeulx,<5
2020-05-20,55040,Soignies,<5
2020-05-20,56001,Anderlues,<5
2020-05-20,56078,Thuin,<5
2020-05-20,57027,Estaimpuis,<5
2020-05-20,57064,Péruwelz,<5
2020-05-20,57081,Tournai,<5
2020-05-20,57096,Mouscron,8
2020-05-20,58001,La Louvière,5
2020-05-20,58002,Binche,<5
2020-05-20,58004,Morlanwelz,<5
2020-05-21,52011,Charleroi,<5
2020-05-21,56005,Beaumont,<5
2020-05-21,57081,Tournai,<5
2020-05-21,57096,Mouscron,<5
2020-05-22,51065,Frasnes-lez-Anvaing,<5
2020-05-22,52011,Charleroi,<5
2020-05-22,52012,Châtelet,<5
2020-05-22,52025,Gerpinnes,<5
2020-05-22,52048,Montigny-le-Tilleul,<5
2020-05-22,53065,Quaregnon,<5
2020-05-22,56001,Anderlues,<5
2020-05-22,56005,Beaumont,<5
2020-05-22,56016,Chimay,<5
2020-05-22,56022,Erquelinnes,<5
2020-05-22,56029,Froidchapelle,<5
2020-05-22,57062,Pecq,<5
2020-05-22,57072,Rumes,<5
2020-05-22,57081,Tournai,<5
2020-05-22,57096,Mouscron,<5
2020-05-23,25105,Tubize,<5
2020-05-23,52011,Charleroi,<5
2020-05-23,52022,Fontaine-l’Evêque,<5
2020-05-23,53053,Mons,<5
2020-05-23,53082,Colfontaine,<5
2020-05-23,55085,Seneffe,<5
2020-05-23,55086,Manage,<5
2020-05-23,56005,Beaumont,<5
2020-05-23,57096,Mouscron,<5
2020-05-23,58001,La Louvière,<5
2020-05-24,52011,Charleroi,<5
2020-05-24,52012,Châtelet,<5
2020-05-24,53039,Hensies,<5
2020-05-24,56086,Ham-sur-Heure-Nalinnes,<5
2020-05-24,57003,Antoing,<5
2020-05-24,58002,Binche,<5
2020-05-24,58003,Estinnes,<5
2020-05-25,25105,Tubize,<5
2020-05-25,52011,Charleroi,<5
2020-05-25,52012,Châtelet,<5
2020-05-25,52048,Montigny-le-Tilleul,<5
2020-05-25,53014,Boussu,<5
2020-05-25,53020,Dour,<5
2020-05-25,53028,Frameries,<5
2020-05-25,53039,Hensies,<5
2020-05-25,53053,Mons,<5
2020-05-25,53065,Quaregnon,<5
2020-05-25,53070,Saint-Ghislain,<5
2020-05-25,55040,Soignies,<5
2020-05-25,56022,Erquelinnes,<5
2020-05-25,56078,Thuin,<5
2020-05-25,57003,Antoing,<5
2020-05-25,57096,Mouscron,36
2020-05-25,58001,La Louvière,<5
2020-05-26,25105,Tubize,<5
2020-05-26,52011,Charleroi,<5
2020-05-26,52012,Châtelet,<5
2020-05-26,52074,Aiseau-Presles,<5
2020-05-26,53014,Boussu,<5
2020-05-26,53039,Hensies,<5
2020-05-26,53053,Mons,<5
2020-05-26,55086,Manage,<5
2020-05-26,56001,Anderlues,<5
2020-05-26,57018,Celles (Tournai),<5
2020-05-26,57096,Mouscron,<5
2020-05-26,58001,La Louvière,<5
2020-05-26,58002,Binche,<5
2020-05-27,52011,Charleroi,9
2020-05-27,53053,Mons,<5
2020-05-27,55035,Le Roeulx,<5
2020-05-27,56022,Erquelinnes,<5
2020-05-27,56078,Thuin,<5
2020-05-27,57064,Péruwelz,<5
2020-05-27,57081,Tournai,<5
2020-05-27,57096,Mouscron,<5
2020-05-27,58001,La Louvière,<5
2020-05-27,58003,Estinnes,<5
2020-05-28,25105,Tubize,<5
2020-05-28,52011,Charleroi,<5
2020-05-28,52012,Châtelet,<5
2020-05-28,53028,Frameries,<5
2020-05-28,53053,Mons,<5
2020-05-28,53068,Quiévrain,<5
2020-05-28,55040,Soignies,<5
2020-05-28,55086,Manage,<5
2020-05-28,56001,Anderlues,<5
2020-05-28,56088,Sivry-Rance,<5
2020-05-28,57003,Antoing,<5
2020-05-28,57027,Estaimpuis,<5
2020-05-28,57081,Tournai,<5
2020-05-28,57093,Brunehaut,<5
2020-05-28,57096,Mouscron,<5
2020-05-28,57097,Comines-Warneton,<5
2020-05-28,58001,La Louvière,7
2020-05-28,58002,Binche,<5
2020-05-29,25105,Tubize,<5
2020-05-29,52011,Charleroi,<5
2020-05-29,53053,Mons,<5
2020-05-29,57094,Leuze-en-Hainaut,<5
2020-05-29,57096,Mouscron,<5
2020-05-30,55040,Soignies,<5
2020-05-30,57096,Mouscron,<5
2020-05-31,52011,Charleroi,<5
2020-05-31,55004,Braine-le-Comte,<5
2020-05-31,57096,Mouscron,<5
2020-05-31,58002,Binche,<5
2020-06-01,52021,Fleurus,<5
2020-06-01,52055,Pont-à-Celles,<5
2020-06-01,53065,Quaregnon,<5
2020-06-01,55004,Braine-le-Comte,<5
2020-06-02,52011,Charleroi,<5
2020-06-02,52015,Courcelles,<5
2020-06-02,52055,Pont-à-Celles,<5
2020-06-02,52074,Aiseau-Presles,<5
2020-06-02,53053,Mons,<5
2020-06-02,55035,Le Roeulx,<5
2020-06-02,55086,Manage,<5
2020-06-02,56044,Lobbes,<5
2020-06-02,57064,Péruwelz,<5
2020-06-02,57093,Brunehaut,<5
2020-06-02,57096,Mouscron,<5
2020-06-02,58001,La Louvière,<5
2020-06-02,58002,Binche,<5
2020-06-02,58004,Morlanwelz,<5
2020-06-03,52012,Châtelet,<5
2020-06-03,52021,Fleurus,<5
2020-06-03,52074,Aiseau-Presles,<5
2020-06-03,53014,Boussu,<5
2020-06-03,53044,Jurbise,<5
2020-06-03,53070,Saint-Ghislain,<5
2020-06-03,57064,Péruwelz,<5
2020-06-03,57081,Tournai,5
2020-06-03,57096,Mouscron,<5
2020-06-04,52011,Charleroi,<5
2020-06-04,52055,Pont-à-Celles,<5
2020-06-04,53070,Saint-Ghislain,<5
2020-06-04,57094,Leuze-en-Hainaut,<5
2020-06-04,58002,Binche,<5
2020-06-05,25105,Tubize,<5
2020-06-05,52011,Charleroi,<5
2020-06-05,52015,Courcelles,<5
2020-06-05,52021,Fleurus,<5
2020-06-05,52025,Gerpinnes,<5
2020-06-05,52055,Pont-à-Celles,<5
2020-06-05,53044,Jurbise,<5
2020-06-05,53053,Mons,<5
2020-06-05,55086,Manage,<5
2020-06-05,56078,Thuin,<5
2020-06-05,57064,Péruwelz,<5
2020-06-05,57081,Tournai,<5
2020-06-05,57096,Mouscron,<5
2020-06-05,58001,La Louvière,<5
2020-06-05,58002,Binche,<5
2020-06-05,58003,Estinnes,<5
2020-06-05,58004,Morlanwelz,<5
2020-06-06,25105,Tubize,<5
2020-06-06,51068,Silly,<5
2020-06-06,52011,Charleroi,<5
2020-06-06,52021,Fleurus,<5
2020-06-06,53053,Mons,<5
2020-06-07,52011,Charleroi,<5
2020-06-07,53053,Mons,<5
2020-06-07,55085,Seneffe,<5
2020-06-07,56001,Anderlues,<5
2020-06-07,57096,Mouscron,<5
2020-06-07,58001,La Louvière,<5
2020-06-07,58002,Binche,<5
2020-06-08,52011,Charleroi,<5
2020-06-08,52018,Farciennes,<5
2020-06-08,52055,Pont-à-Celles,<5
2020-06-08,55085,Seneffe,<5
2020-06-08,56005,Beaumont,<5
2020-06-08,57096,Mouscron,<5
2020-06-08,58001,La Louvière,<5
2020-06-08,58002,Binche,<5
2020-06-09,52011,Charleroi,<5
2020-06-09,52022,Fontaine-l’Evêque,<5
2020-06-09,52074,Aiseau-Presles,<5
2020-06-09,53053,Mons,<5
2020-06-09,55035,Le Roeulx,<5
2020-06-09,55040,Soignies,<5
2020-06-09,55050,Ecaussinnes,<5
2020-06-09,56049,Merbes-le-Château,<5
2020-06-09,57096,Mouscron,<5
2020-06-09,58001,La Louvière,<5
2020-06-09,58004,Morlanwelz,<5
2020-06-10,25105,Tubize,<5
2020-06-10,51067,Enghien,<5
2020-06-10,52011,Charleroi,<5
2020-06-10,52055,Pont-à-Celles,<5
2020-06-10,53053,Mons,<5
2020-06-10,55050,Ecaussinnes,<5
2020-06-10,57027,Estaimpuis,<5
2020-06-10,57096,Mouscron,9
2020-06-10,58001,La Louvière,<5
2020-06-11,25105,Tubize,<5
2020-06-11,52011,Charleroi,<5
2020-06-11,52055,Pont-à-Celles,<5
2020-06-11,53053,Mons,<5
2020-06-11,55004,Braine-le-Comte,<5
2020-06-11,55040,Soignies,<5
2020-06-11,55086,Manage,<5
2020-06-11,57027,Estaimpuis,<5
2020-06-11,57081,Tournai,<5
2020-06-11,57093,Brunehaut,<5
2020-06-11,57096,Mouscron,<5
2020-06-11,57097,Comines-Warneton,<5
2020-06-11,58001,La Louvière,<5
2020-06-12,51065,Frasnes-lez-Anvaing,<5
2020-06-12,52011,Charleroi,<5
2020-06-12,53065,Quaregnon,<5
2020-06-12,56001,Anderlues,<5
2020-06-12,56078,Thuin,<5
2020-06-12,57027,Estaimpuis,<5
2020-06-12,57096,Mouscron,<5
2020-06-12,58001,La Louvière,<5
2020-06-12,58002,Binche,<5
2020-06-13,25105,Tubize,<5
2020-06-13,51069,Lessines,<5
2020-06-13,52011,Charleroi,<5
2020-06-13,52022,Fontaine-l’Evêque,<5
2020-06-13,57097,Comines-Warneton,<5
2020-06-14,53065,Quaregnon,<5
2020-06-15,25105,Tubize,<5
2020-06-15,51004,Ath,<5
2020-06-15,51012,Brugelette,<5
2020-06-15,53028,Frameries,<5
2020-06-15,53039,Hensies,<5
2020-06-15,53070,Saint-Ghislain,<5
2020-06-15,55040,Soignies,<5
2020-06-15,55086,Manage,<5
2020-06-15,57081,Tournai,<5
2020-06-15,57096,Mouscron,10
2020-06-16,55004,Braine-le-Comte,<5
2020-06-16,55035,Le Roeulx,<5
2020-06-16,55040,Soignies,<5
2020-06-16,55050,Ecaussinnes,<5
2020-06-16,57096,Mouscron,<5
2020-06-16,58003,Estinnes,<5
2020-06-17,52011,Charleroi,<5
2020-06-17,52012,Châtelet,<5
2020-06-17,52018,Farciennes,<5
2020-06-17,53070,Saint-Ghislain,<5
2020-06-17,55086,Manage,<5
2020-06-17,57027,Estaimpuis,<5
2020-06-17,57096,Mouscron,<5
2020-06-17,58001,La Louvière,<5
2020-06-17,58002,Binche,<5
2020-06-17,58004,Morlanwelz,<5
2020-06-18,25105,Tubize,<5
2020-06-18,52015,Courcelles,<5
2020-06-18,57081,Tournai,<5
2020-06-18,57096,Mouscron,<5
2020-06-18,57097,Comines-Warneton,<5
2020-06-19,53014,Boussu,<5
2020-06-19,56044,Lobbes,<5
2020-06-19,57027,Estaimpuis,<5
2020-06-19,57096,Mouscron,<5
2020-06-19,58004,Morlanwelz,<5
2020-06-20,55004,Braine-le-Comte,<5
2020-06-20,57027,Estaimpuis,<5
2020-06-20,57096,Mouscron,<5
2020-06-20,58001,La Louvière,<5
2020-06-22,25105,Tubize,<5
2020-06-22,51008,Beloeil,<5
2020-06-22,51067,Enghien,<5
2020-06-22,52011,Charleroi,<5
2020-06-22,55035,Le Roeulx,<5
2020-06-22,56005,Beaumont,<5
2020-06-22,56078,Thuin,<5
2020-06-22,57027,Estaimpuis,16
2020-06-22,57062,Pecq,<5
2020-06-22,57081,Tournai,<5
2020-06-22,57096,Mouscron,8
2020-06-22,58001,La Louvière,<5
2020-06-23,25105,Tubize,<5
2020-06-23,52011,Charleroi,<5
2020-06-23,53020,Dour,<5
2020-06-23,53065,Quaregnon,<5
2020-06-23,55040,Soignies,<5
2020-06-23,55086,Manage,<5
2020-06-23,56005,Beaumont,<5
2020-06-23,57081,Tournai,<5
2020-06-23,58001,La Louvière,<5
2020-06-24,52011,Charleroi,<5
2020-06-24,52021,Fleurus,<5
2020-06-24,53020,Dour,<5
2020-06-24,53053,Mons,<5
2020-06-24,55086,Manage,<5
2020-06-24,56078,Thuin,<5
2020-06-24,57096,Mouscron,<5
2020-06-24,58001,La Louvière,<5
2020-06-25,51067,Enghien,<5
2020-06-25,53014,Boussu,<5
2020-06-25,53068,Quiévrain,<5
2020-06-25,57081,Tournai,<5
2020-06-25,57096,Mouscron,5
2020-06-25,58001,La Louvière,<5
2020-06-26,51069,Lessines,<5
2020-06-26,52011,Charleroi,<5
2020-06-26,52015,Courcelles,<5
2020-06-26,52018,Farciennes,<5
2020-06-26,53053,Mons,<5
2020-06-26,53070,Saint-Ghislain,<5
2020-06-26,56044,Lobbes,<5
2020-06-26,56078,Thuin,<5
2020-06-26,57081,Tournai,<5
2020-06-26,57096,Mouscron,<5
2020-06-26,58001,La Louvière,<5
2020-06-27,57096,Mouscron,<5
2020-06-28,52011,Charleroi,<5
2020-06-28,53028,Frameries,<5
2020-06-28,55040,Soignies,<5
2020-06-28,57096,Mouscron,<5
2020-06-29,51008,Beloeil,<5
2020-06-29,51012,Brugelette,<5
2020-06-29,52021,Fleurus,<5
2020-06-29,53053,Mons,<5
2020-06-29,57094,Leuze-en-Hainaut,<5
2020-06-30,52022,Fontaine-l’Evêque,<5
2020-06-30,53014,Boussu,<5
2020-06-30,57062,Pecq,<5
2020-06-30,57064,Péruwelz,<5
2020-06-30,57081,Tournai,<5
2020-06-30,57093,Brunehaut,<5
2020-06-30,57096,Mouscron,<5
2020-06-30,58004,Morlanwelz,<5
2020-07-01,25107,Villers-la-Ville,<5
2020-07-01,51008,Beloeil,<5
2020-07-01,53014,Boussu,<5
2020-07-01,53028,Frameries,<5
2020-07-01,53053,Mons,<5
2020-07-01,56029,Froidchapelle,<5
2020-07-01,57081,Tournai,<5
2020-07-01,58001,La Louvière,<5
2020-07-01,58003,Estinnes,<5
2020-07-02,52015,Courcelles,<5
2020-07-02,53039,Hensies,<5
2020-07-02,53053,Mons,<5
2020-07-02,55086,Manage,<5
2020-07-02,57081,Tournai,<5
2020-07-02,57096,Mouscron,<5
2020-07-02,58001,La Louvière,<5
2020-07-03,52010,Chapelle-lez-Herlaimont,<5
2020-07-03,52011,Charleroi,<5
2020-07-03,53053,Mons,<5
2020-07-03,56001,Anderlues,<5
2020-07-03,57027,Estaimpuis,<5
2020-07-03,57081,Tournai,<5
2020-07-03,57096,Mouscron,<5
2020-07-03,58004,Morlanwelz,<5
2020-07-04,53039,Hensies,<5
2020-07-04,53070,Saint-Ghislain,<5
2020-07-04,55004,Braine-le-Comte,<5
2020-07-04,57027,Estaimpuis,<5
2020-07-04,57081,Tournai,<5
2020-07-04,57096,Mouscron,<5
2020-07-04,58001,La Louvière,<5
2020-07-06,25107,Villers-la-Ville,<5
2020-07-06,51065,Frasnes-lez-Anvaing,<5
2020-07-06,57027,Estaimpuis,<5
2020-07-06,57081,Tournai,<5
2020-07-06,57096,Mouscron,<5
2020-07-06,58004,Morlanwelz,<5
2020-07-07,25105,Tubize,<5
2020-07-07,53053,Mons,<5
2020-07-07,57096,Mouscron,<5
2020-07-07,58001,La Louvière,<5
2020-07-08,52011,Charleroi,<5
2020-07-08,52012,Châtelet,<5
2020-07-08,52021,Fleurus,<5
2020-07-08,53020,Dour,<5
2020-07-08,55035,Le Roeulx,<5
2020-07-08,57027,Estaimpuis,<5
2020-07-08,57096,Mouscron,<5
2020-07-09,25105,Tubize,<5
2020-07-09,52011,Charleroi,<5
2020-07-09,52021,Fleurus,<5
2020-07-09,53065,Quaregnon,<5
2020-07-09,57081,Tournai,<5
2020-07-09,57096,Mouscron,<5
2020-07-09,58001,La Louvière,<5
2020-07-10,53020,Dour,<5
2020-07-10,53053,Mons,<5
2020-07-10,55004,Braine-le-Comte,<5
2020-07-10,57027,Estaimpuis,<5
2020-07-10,57096,Mouscron,<5
2020-07-10,58002,Binche,<5
2020-07-11,52011,Charleroi,<5
2020-07-11,53020,Dour,<5
2020-07-11,53053,Mons,<5
2020-07-11,55004,Braine-le-Comte,<5
2020-07-11,57096,Mouscron,<5
2020-07-12,51004,Ath,<5
2020-07-12,53082,Colfontaine,<5
2020-07-12,56001,Anderlues,<5
2020-07-13,51069,Lessines,<5
2020-07-13,52011,Charleroi,<5
2020-07-13,52055,Pont-à-Celles,<5
2020-07-13,53020,Dour,<5
2020-07-13,53070,Saint-Ghislain,<5
2020-07-13,53084,Quévy,<5
2020-07-13,55035,Le Roeulx,<5
2020-07-13,55040,Soignies,<5
2020-07-13,55086,Manage,<5
2020-07-13,57018,Celles (Tournai),<5
2020-07-13,57081,Tournai,<5
2020-07-13,57096,Mouscron,<5
2020-07-14,25105,Tubize,<5
2020-07-14,51004,Ath,<5
2020-07-14,51008,Beloeil,<5
2020-07-14,51065,Frasnes-lez-Anvaing,<5
2020-07-14,52011,Charleroi,<5
2020-07-14,52018,Farciennes,<5
2020-07-14,52025,Gerpinnes,<5
2020-07-14,53053,Mons,<5
2020-07-14,53082,Colfontaine,<5
2020-07-14,53083,Honnelles,<5
2020-07-14,56001,Anderlues,<5
2020-07-14,57064,Péruwelz,<5
2020-07-14,57096,Mouscron,<5
2020-07-15,52011,Charleroi,<5
2020-07-15,52055,Pont-à-Celles,<5
2020-07-15,53039,Hensies,<5
2020-07-15,53053,Mons,<5
2020-07-15,53065,Quaregnon,<5
2020-07-15,55040,Soignies,<5
2020-07-15,57027,Estaimpuis,<5
2020-07-15,57096,Mouscron,<5
2020-07-15,58001,La Louvière,<5
2020-07-16,51004,Ath,<5
2020-07-16,51069,Lessines,<5
2020-07-16,52010,Chapelle-lez-Herlaimont,<5
2020-07-16,52011,Charleroi,5
2020-07-16,52018,Farciennes,<5
2020-07-16,53014,Boussu,<5
2020-07-16,53065,Quaregnon,<5
2020-07-16,55086,Manage,<5
2020-07-16,56001,Anderlues,<5
2020-07-16,57064,Péruwelz,<5
2020-07-16,57081,Tournai,<5
2020-07-16,57096,Mouscron,<5
2020-07-16,58003,Estinnes,<5
2020-07-17,52011,Charleroi,10
2020-07-17,52074,Aiseau-Presles,<5
2020-07-17,53020,Dour,<5
2020-07-17,53084,Quévy,<5
2020-07-17,55035,Le Roeulx,<5
2020-07-17,57027,Estaimpuis,<5
2020-07-17,57081,Tournai,<5
2020-07-17,57096,Mouscron,<5
2020-07-18,52015,Courcelles,<5
2020-07-18,53028,Frameries,<5
2020-07-18,55040,Soignies,<5
2020-07-18,56088,Sivry-Rance,<5
2020-07-18,57096,Mouscron,<5
2020-07-18,58001,La Louvière,<5
2020-07-19,51008,Beloeil,<5
2020-07-19,52011,Charleroi,<5
2020-07-19,52012,Châtelet,<5
2020-07-19,52025,Gerpinnes,<5
2020-07-19,53082,Colfontaine,<5
2020-07-20,25107,Villers-la-Ville,<5
2020-07-20,52011,Charleroi,11
2020-07-20,52012,Châtelet,<5
2020-07-20,52015,Courcelles,<5
2020-07-20,53053,Mons,5
2020-07-20,53065,Quaregnon,<5
2020-07-20,57096,Mouscron,<5
2020-07-20,58001,La Louvière,<5
2020-07-20,58002,Binche,<5
2020-07-21,25105,Tubize,<5
2020-07-21,52011,Charleroi,<5
2020-07-21,52055,Pont-à-Celles,<5
2020-07-21,53053,Mons,<5
2020-07-21,55086,Manage,<5
2020-07-21,56086,Ham-sur-Heure-Nalinnes,<5
2020-07-21,57096,Mouscron,<5
2020-07-21,58001,La Louvière,<5
2020-07-22,25105,Tubize,<5
2020-07-22,25107,Villers-la-Ville,<5
2020-07-22,51065,Frasnes-lez-Anvaing,<5
2020-07-22,52011,Charleroi,14
2020-07-22,52025,Gerpinnes,<5
2020-07-22,52048,Montigny-le-Tilleul,<5
2020-07-22,53020,Dour,<5
2020-07-22,53053,Mons,<5
2020-07-22,53068,Quiévrain,<5
2020-07-22,55004,Braine-le-Comte,<5
2020-07-22,55035,Le Roeulx,<5
2020-07-22,56086,Ham-sur-Heure-Nalinnes,<5
2020-07-22,57081,Tournai,<5
2020-07-22,57093,Brunehaut,<5
2020-07-22,57094,Leuze-en-Hainaut,<5
2020-07-22,58001,La Louvière,<5
2020-07-22,58003,Estinnes,<5
2020-07-23,52011,Charleroi,<5
2020-07-23,53020,Dour,<5
2020-07-23,53053,Mons,<5
2020-07-23,55035,Le Roeulx,<5
2020-07-23,55040,Soignies,<5
2020-07-23,57081,Tournai,<5
2020-07-23,57096,Mouscron,<5
2020-07-24,51008,Beloeil,<5
2020-07-24,51014,Chièvres,<5
2020-07-24,51067,Enghien,<5
2020-07-24,52011,Charleroi,9
2020-07-24,52021,Fleurus,<5
2020-07-24,52048,Montigny-le-Tilleul,<5
2020-07-24,52074,Aiseau-Presles,<5
2020-07-24,52075,Les Bons Villers,<5
2020-07-24,53028,Frameries,<5
2020-07-24,53053,Mons,<5
2020-07-24,53070,Saint-Ghislain,<5
2020-07-24,53084,Quévy,<5
2020-07-24,55004,Braine-le-Comte,<5
2020-07-24,55040,Soignies,<5
2020-07-24,55086,Manage,<5
2020-07-24,56086,Ham-sur-Heure-Nalinnes,<5
2020-07-24,57094,Leuze-en-Hainaut,6
2020-07-24,58001,La Louvière,<5
2020-07-24,58004,Morlanwelz,<5
2020-07-25,52011,Charleroi,<5
2020-07-25,52018,Farciennes,<5
2020-07-25,52025,Gerpinnes,<5
2020-07-25,53028,Frameries,<5
2020-07-25,53065,Quaregnon,<5
2020-07-25,55004,Braine-le-Comte,<5
2020-07-25,56001,Anderlues,<5
2020-07-25,56086,Ham-sur-Heure-Nalinnes,<5
2020-07-25,58001,La Louvière,<5
2020-07-25,58003,Estinnes,<5
2020-07-26,51014,Chièvres,<5
2020-07-26,51069,Lessines,<5
2020-07-26,52011,Charleroi,<5
2020-07-26,53014,Boussu,<5
2020-07-26,57094,Leuze-en-Hainaut,<5
2020-07-26,58001,La Louvière,<5
2020-07-27,51004,Ath,<5
2020-07-27,51065,Frasnes-lez-Anvaing,<5
2020-07-27,51067,Enghien,<5
2020-07-27,52010,Chapelle-lez-Herlaimont,<5
2020-07-27,52011,Charleroi,5
2020-07-27,52018,Farciennes,<5
2020-07-27,52021,Fleurus,<5
2020-07-27,52055,Pont-à-Celles,<5
2020-07-27,52074,Aiseau-Presles,<5
2020-07-27,52075,Les Bons Villers,<5
2020-07-27,53014,Boussu,<5
2020-07-27,53028,Frameries,<5
2020-07-27,53044,Jurbise,<5
2020-07-27,55004,Braine-le-Comte,<5
2020-07-27,55086,Manage,<5
2020-07-27,56005,Beaumont,<5
2020-07-27,57081,Tournai,<5
2020-07-27,57094,Leuze-en-Hainaut,<5
2020-07-27,57097,Comines-Warneton,<5
2020-07-27,58001,La Louvière,<5
2020-07-28,25107,Villers-la-Ville,<5
2020-07-28,51008,Beloeil,<5
2020-07-28,51009,Bernissart,<5
2020-07-28,51012,Brugelette,<5
2020-07-28,51014,Chièvres,<5
2020-07-28,52011,Charleroi,9
2020-07-28,52012,Châtelet,<5
2020-07-28,52021,Fleurus,<5
2020-07-28,52022,Fontaine-l’Evêque,<5
2020-07-28,52048,Montigny-le-Tilleul,<5
2020-07-28,52055,Pont-à-Celles,<5
2020-07-28,53014,Boussu,<5
2020-07-28,53020,Dour,<5
2020-07-28,55004,Braine-le-Comte,<5
2020-07-28,55040,Soignies,<5
2020-07-28,56044,Lobbes,<5
2020-07-28,56078,Thuin,<5
2020-07-28,57064,Péruwelz,<5
2020-07-28,57081,Tournai,<5
2020-07-28,57094,Leuze-en-Hainaut,<5
2020-07-28,57096,Mouscron,<5
2020-07-28,58002,Binche,<5
2020-07-28,58004,Morlanwelz,<5
2020-07-29,51004,Ath,<5
2020-07-29,51008,Beloeil,<5
2020-07-29,51019,Flobecq,<5
2020-07-29,51068,Silly,<5
2020-07-29,52010,Chapelle-lez-Herlaimont,<5
2020-07-29,52011,Charleroi,12
2020-07-29,52012,Châtelet,<5
2020-07-29,52021,Fleurus,<5
2020-07-29,52022,Fontaine-l’Evêque,<5
2020-07-29,52048,Montigny-le-Tilleul,9
2020-07-29,52055,Pont-à-Celles,<5
2020-07-29,53014,Boussu,<5
2020-07-29,53020,Dour,<5
2020-07-29,53053,Mons,<5
2020-07-29,53070,Saint-Ghislain,<5
2020-07-29,53084,Quévy,<5
2020-07-29,55004,Braine-le-Comte,<5
2020-07-29,55085,Seneffe,<5
2020-07-29,55086,Manage,<5
2020-07-29,56078,Thuin,<5
2020-07-29,57062,Pecq,<5
2020-07-29,57081,Tournai,<5
2020-07-29,57094,Leuze-en-Hainaut,<5
2020-07-29,57096,Mouscron,<5
2020-07-29,58001,La Louvière,5
2020-07-30,51014,Chièvres,<5
2020-07-30,52011,Charleroi,<5
2020-07-30,53020,Dour,<5
2020-07-30,53028,Frameries,<5
2020-07-30,56088,Sivry-Rance,<5
2020-07-30,57081,Tournai,<5
,51008,Beloeil,<5
,52015,Courcelles,<5
,53053,Mons,<5
,57081,Tournai,<5
,57096,Mouscron,<5